ISO-10303-21;
HEADER;
/* Generated by software containing ST-Developer
 * from STEP Tools, Inc. (www.steptools.com) 
 */
/* OPTION: using custom schema-name function */

FILE_DESCRIPTION(
/* description */ (''),
/* implementation_level */ '2;1');

FILE_NAME(
/* name */ '\X2\4E0B58F3\X0\.stp',
/* time_stamp */ '2025-04-30T14:15:13+08:00',
/* author */ (''),
/* organization */ (''),
/* preprocessor_version */ 'ST-DEVELOPER v19.4',
/* originating_system */ 'SIEMENS PLM Software NX2306.1700',
/* authorisation */ '');

FILE_SCHEMA (('AUTOMOTIVE_DESIGN { 1 0 10303 214 3 1 1 1 }'));
ENDSEC;

DATA;
#10=SHAPE_REPRESENTATION_RELATIONSHIP('None',
'relationship between \X2\5B9A65F65FAA73AF8235673A63A752365668\X0\_ste
p-None and \X2\5B9A65F65FAA73AF8235673A63A752365668\X0\_step-None',#22,
#11);
#11=ADVANCED_BREP_SHAPE_REPRESENTATION(
'\X2\5B9A65F65FAA73AF8235673A63A752365668\X0\_step-None',(#32),#3765);
#12=SHAPE_DEFINITION_REPRESENTATION(#13,#22);
#13=PRODUCT_DEFINITION_SHAPE('','',#14);
#14=PRODUCT_DEFINITION(' ','',#16,#15);
#15=PRODUCT_DEFINITION_CONTEXT('part definition',#21,'design');
#16=PRODUCT_DEFINITION_FORMATION_WITH_SPECIFIED_SOURCE(' ',' ',#18,
 .NOT_KNOWN.);
#17=PRODUCT_RELATED_PRODUCT_CATEGORY('part','',(#18));
#18=PRODUCT('\X2\5B9A65F65FAA73AF8235673A63A752365668\X0\_step',
'\X2\5B9A65F65FAA73AF8235673A63A752365668\X0\_step',' ',(#19));
#19=PRODUCT_CONTEXT(' ',#21,'mechanical');
#20=APPLICATION_PROTOCOL_DEFINITION('international standard',
'automotive_design',2010,#21);
#21=APPLICATION_CONTEXT(
'core data for automotive mechanical design processes');
#22=SHAPE_REPRESENTATION('\X2\5B9A65F65FAA73AF8235673A63A752365668\X0\_
step-None',(#2242),#3765);
#23=PRESENTATION_LAYER_ASSIGNMENT('1','Layer 1',(#32));
#24=STYLED_ITEM('',(#25),#32);
#25=PRESENTATION_STYLE_ASSIGNMENT((#26));
#26=SURFACE_STYLE_USAGE(.BOTH.,#27);
#27=SURFACE_SIDE_STYLE('',(#28));
#28=SURFACE_STYLE_FILL_AREA(#29);
#29=FILL_AREA_STYLE('',(#30));
#30=FILL_AREA_STYLE_COLOUR('',#31);
#31=COLOUR_RGB('medium steel',0.611764705882353,0.658823529411765,0.670588235294118);
#32=MANIFOLD_SOLID_BREP('',#33);
#33=CLOSED_SHELL('',(#221,#222,#223,#224,#225,#226,#227,#228,#229,#230,
#231,#232,#233,#234,#235,#236,#237,#238,#239,#240,#241,#242,#243,#244,#245,
#246,#247,#248,#249,#250,#251,#252,#253,#254,#255,#256,#257,#258,#259,#260,
#261,#262,#263,#264,#265,#266,#267,#268,#269,#270,#271,#272,#273,#274,#275,
#276,#277,#278,#279,#280,#281,#282,#283,#284,#285,#286,#287,#288,#289,#290,
#291,#292,#293,#294,#295,#296,#297,#298,#299,#300,#301,#302,#303,#304,#305,
#306,#307,#308,#309,#310,#311,#312,#313,#314,#315,#316,#317,#318,#319,#320,
#321,#322,#323,#324,#325,#326,#327,#328,#329,#330,#331,#332,#333,#334,#335,
#336,#337,#338,#339,#340,#341,#342,#343,#344,#345,#346));
#34=TOROIDAL_SURFACE('',#2412,2.,1.);
#35=TOROIDAL_SURFACE('',#2420,2.,1.);
#36=TOROIDAL_SURFACE('',#2434,2.,1.);
#37=SPHERICAL_SURFACE('',#2404,1.);
#38=SPHERICAL_SURFACE('',#2432,1.);
#39=SPHERICAL_SURFACE('',#2447,1.);
#40=SPHERICAL_SURFACE('',#2449,1.);
#41=SPHERICAL_SURFACE('',#2451,1.);
#42=SPHERICAL_SURFACE('',#2461,1.);
#43=SPHERICAL_SURFACE('',#2463,1.);
#44=CONICAL_SURFACE('',#2391,1.05,22.6198649480406);
#45=CONICAL_SURFACE('',#2392,1.3,22.6198649480406);
#46=CONICAL_SURFACE('',#2393,1.3,22.6198649480403);
#47=CYLINDRICAL_SURFACE('',#2304,0.950001270003);
#48=CYLINDRICAL_SURFACE('',#2307,0.950001270003);
#49=CYLINDRICAL_SURFACE('',#2309,0.950001270003);
#50=CYLINDRICAL_SURFACE('',#2312,0.950001270003);
#51=CYLINDRICAL_SURFACE('',#2314,0.950001270003);
#52=CYLINDRICAL_SURFACE('',#2317,0.950001270003);
#53=CYLINDRICAL_SURFACE('',#2336,3.7);
#54=CYLINDRICAL_SURFACE('',#2343,0.3);
#55=CYLINDRICAL_SURFACE('',#2344,0.3);
#56=CYLINDRICAL_SURFACE('',#2350,3.7);
#57=CYLINDRICAL_SURFACE('',#2353,0.3);
#58=CYLINDRICAL_SURFACE('',#2354,0.3);
#59=CYLINDRICAL_SURFACE('',#2360,3.7);
#60=CYLINDRICAL_SURFACE('',#2363,0.3);
#61=CYLINDRICAL_SURFACE('',#2364,0.3);
#62=CYLINDRICAL_SURFACE('',#2370,3.7);
#63=CYLINDRICAL_SURFACE('',#2373,0.3);
#64=CYLINDRICAL_SURFACE('',#2374,0.3);
#65=CYLINDRICAL_SURFACE('',#2380,1.3);
#66=CYLINDRICAL_SURFACE('',#2384,1.3);
#67=CYLINDRICAL_SURFACE('',#2388,1.3);
#68=CYLINDRICAL_SURFACE('',#2395,1.6);
#69=CYLINDRICAL_SURFACE('',#2396,0.5);
#70=CYLINDRICAL_SURFACE('',#2397,0.5);
#71=CYLINDRICAL_SURFACE('',#2398,0.5);
#72=CYLINDRICAL_SURFACE('',#2400,1.);
#73=CYLINDRICAL_SURFACE('',#2402,1.);
#74=CYLINDRICAL_SURFACE('',#2408,1.);
#75=CYLINDRICAL_SURFACE('',#2410,1.);
#76=CYLINDRICAL_SURFACE('',#2416,1.);
#77=CYLINDRICAL_SURFACE('',#2418,1.);
#78=CYLINDRICAL_SURFACE('',#2424,1.);
#79=CYLINDRICAL_SURFACE('',#2426,1.);
#80=CYLINDRICAL_SURFACE('',#2428,1.);
#81=CYLINDRICAL_SURFACE('',#2430,1.);
#82=CYLINDRICAL_SURFACE('',#2436,1.);
#83=CYLINDRICAL_SURFACE('',#2438,1.);
#84=CYLINDRICAL_SURFACE('',#2440,1.);
#85=CYLINDRICAL_SURFACE('',#2442,1.);
#86=CYLINDRICAL_SURFACE('',#2445,1.);
#87=CYLINDRICAL_SURFACE('',#2453,1.);
#88=CYLINDRICAL_SURFACE('',#2455,1.);
#89=CYLINDRICAL_SURFACE('',#2457,1.);
#90=CYLINDRICAL_SURFACE('',#2459,1.);
#91=CYLINDRICAL_SURFACE('',#2464,1.);
#92=FACE_BOUND('',#543,.T.);
#93=FACE_BOUND('',#544,.T.);
#94=FACE_BOUND('',#545,.T.);
#95=FACE_BOUND('',#546,.T.);
#96=FACE_BOUND('',#547,.T.);
#97=FACE_BOUND('',#548,.T.);
#98=FACE_BOUND('',#549,.T.);
#99=FACE_BOUND('',#550,.T.);
#100=FACE_BOUND('',#551,.T.);
#101=FACE_BOUND('',#555,.T.);
#102=FACE_BOUND('',#556,.T.);
#103=FACE_BOUND('',#557,.T.);
#104=FACE_BOUND('',#558,.T.);
#105=FACE_BOUND('',#562,.T.);
#106=FACE_BOUND('',#563,.T.);
#107=FACE_BOUND('',#576,.T.);
#108=FACE_BOUND('',#577,.T.);
#109=FACE_BOUND('',#578,.T.);
#110=FACE_BOUND('',#579,.T.);
#111=FACE_BOUND('',#624,.T.);
#112=FACE_BOUND('',#625,.T.);
#113=FACE_BOUND('',#627,.T.);
#114=FACE_BOUND('',#628,.T.);
#115=FACE_BOUND('',#630,.T.);
#116=FACE_BOUND('',#631,.T.);
#117=FACE_BOUND('',#633,.T.);
#118=FACE_BOUND('',#634,.T.);
#119=FACE_BOUND('',#635,.T.);
#120=FACE_BOUND('',#636,.T.);
#121=FACE_BOUND('',#637,.T.);
#122=FACE_BOUND('',#638,.T.);
#123=FACE_BOUND('',#640,.T.);
#124=FACE_BOUND('',#641,.T.);
#125=CIRCLE('',#2244,1.);
#126=CIRCLE('',#2246,1.);
#127=CIRCLE('',#2248,0.5);
#128=CIRCLE('',#2249,0.5);
#129=CIRCLE('',#2253,1.);
#130=CIRCLE('',#2254,1.);
#131=CIRCLE('',#2255,1.);
#132=CIRCLE('',#2256,1.);
#133=CIRCLE('',#2258,0.5);
#134=CIRCLE('',#2260,0.5);
#135=CIRCLE('',#2266,1.6);
#136=CIRCLE('',#2267,1.3);
#137=CIRCLE('',#2268,1.3);
#138=CIRCLE('',#2269,1.3);
#139=CIRCLE('',#2270,0.3);
#140=CIRCLE('',#2271,3.7);
#141=CIRCLE('',#2272,0.3);
#142=CIRCLE('',#2273,0.3);
#143=CIRCLE('',#2274,3.7);
#144=CIRCLE('',#2275,0.3);
#145=CIRCLE('',#2276,0.3);
#146=CIRCLE('',#2277,0.3);
#147=CIRCLE('',#2278,3.7);
#148=CIRCLE('',#2279,0.3);
#149=CIRCLE('',#2280,0.3);
#150=CIRCLE('',#2281,3.7);
#151=CIRCLE('',#2283,0.5);
#152=CIRCLE('',#2286,2.);
#153=CIRCLE('',#2288,0.950001270003);
#154=CIRCLE('',#2289,0.950001270003);
#155=CIRCLE('',#2290,0.950001270003);
#156=CIRCLE('',#2291,0.950001270003);
#157=CIRCLE('',#2292,0.950001270003);
#158=CIRCLE('',#2293,0.950001270003);
#159=CIRCLE('',#2295,1.);
#160=CIRCLE('',#2298,2.);
#161=CIRCLE('',#2299,2.);
#162=CIRCLE('',#2301,1.6);
#163=CIRCLE('',#2303,0.950001270003);
#164=CIRCLE('',#2306,0.950001270003);
#165=CIRCLE('',#2308,0.950001270003);
#166=CIRCLE('',#2311,0.950001270003);
#167=CIRCLE('',#2313,0.950001270003);
#168=CIRCLE('',#2316,0.950001270003);
#169=CIRCLE('',#2326,0.5);
#170=CIRCLE('',#2335,3.7);
#171=CIRCLE('',#2338,0.3);
#172=CIRCLE('',#2339,0.3);
#173=CIRCLE('',#2346,0.3);
#174=CIRCLE('',#2347,3.7);
#175=CIRCLE('',#2348,0.3);
#176=CIRCLE('',#2356,3.7);
#177=CIRCLE('',#2357,0.3);
#178=CIRCLE('',#2358,0.3);
#179=CIRCLE('',#2366,3.7);
#180=CIRCLE('',#2367,0.3);
#181=CIRCLE('',#2368,0.3);
#182=CIRCLE('',#2379,1.3);
#183=CIRCLE('',#2381,1.05);
#184=CIRCLE('',#2383,1.3);
#185=CIRCLE('',#2385,1.05);
#186=CIRCLE('',#2387,1.3);
#187=CIRCLE('',#2389,1.05);
#188=CIRCLE('',#2399,1.);
#189=CIRCLE('',#2401,1.);
#190=CIRCLE('',#2403,1.);
#191=CIRCLE('',#2405,1.);
#192=CIRCLE('',#2407,1.);
#193=CIRCLE('',#2409,1.);
#194=CIRCLE('',#2411,1.);
#195=CIRCLE('',#2413,1.);
#196=CIRCLE('',#2415,1.);
#197=CIRCLE('',#2417,1.);
#198=CIRCLE('',#2419,1.);
#199=CIRCLE('',#2421,1.);
#200=CIRCLE('',#2423,1.);
#201=CIRCLE('',#2425,1.);
#202=CIRCLE('',#2427,1.);
#203=CIRCLE('',#2429,1.);
#204=CIRCLE('',#2431,1.);
#205=CIRCLE('',#2433,1.);
#206=CIRCLE('',#2435,1.);
#207=CIRCLE('',#2437,1.);
#208=CIRCLE('',#2439,1.);
#209=CIRCLE('',#2441,1.);
#210=CIRCLE('',#2443,1.);
#211=CIRCLE('',#2444,1.);
#212=CIRCLE('',#2446,1.);
#213=CIRCLE('',#2448,1.);
#214=CIRCLE('',#2450,1.);
#215=CIRCLE('',#2452,1.);
#216=CIRCLE('',#2454,1.);
#217=CIRCLE('',#2456,1.);
#218=CIRCLE('',#2458,1.);
#219=CIRCLE('',#2460,1.);
#220=CIRCLE('',#2462,1.);
#221=ADVANCED_FACE('',(#415),#347,.F.);
#222=ADVANCED_FACE('',(#416),#348,.T.);
#223=ADVANCED_FACE('',(#417),#349,.T.);
#224=ADVANCED_FACE('',(#418),#350,.T.);
#225=ADVANCED_FACE('',(#419),#351,.T.);
#226=ADVANCED_FACE('',(#420),#352,.T.);
#227=ADVANCED_FACE('',(#421),#353,.F.);
#228=ADVANCED_FACE('',(#422),#354,.T.);
#229=ADVANCED_FACE('',(#423),#355,.T.);
#230=ADVANCED_FACE('',(#424),#356,.T.);
#231=ADVANCED_FACE('',(#425),#357,.T.);
#232=ADVANCED_FACE('',(#426),#358,.T.);
#233=ADVANCED_FACE('',(#427),#359,.T.);
#234=ADVANCED_FACE('',(#92,#93,#94,#95,#96,#97,#98,#99,#100),#360,.T.);
#235=ADVANCED_FACE('',(#428),#361,.T.);
#236=ADVANCED_FACE('',(#429),#362,.T.);
#237=ADVANCED_FACE('',(#430),#363,.F.);
#238=ADVANCED_FACE('',(#101,#102,#103,#104),#364,.F.);
#239=ADVANCED_FACE('',(#431),#365,.T.);
#240=ADVANCED_FACE('',(#432),#366,.T.);
#241=ADVANCED_FACE('',(#433),#367,.F.);
#242=ADVANCED_FACE('',(#105,#106),#368,.F.);
#243=ADVANCED_FACE('',(#434),#47,.F.);
#244=ADVANCED_FACE('',(#435),#369,.T.);
#245=ADVANCED_FACE('',(#436),#48,.F.);
#246=ADVANCED_FACE('',(#437),#49,.F.);
#247=ADVANCED_FACE('',(#438),#370,.T.);
#248=ADVANCED_FACE('',(#439),#50,.F.);
#249=ADVANCED_FACE('',(#440),#51,.F.);
#250=ADVANCED_FACE('',(#441),#371,.T.);
#251=ADVANCED_FACE('',(#442),#52,.F.);
#252=ADVANCED_FACE('',(#443),#372,.T.);
#253=ADVANCED_FACE('',(#444),#373,.T.);
#254=ADVANCED_FACE('',(#445),#374,.T.);
#255=ADVANCED_FACE('',(#107,#108,#109,#110),#375,.T.);
#256=ADVANCED_FACE('',(#446),#376,.T.);
#257=ADVANCED_FACE('',(#447),#377,.T.);
#258=ADVANCED_FACE('',(#448),#378,.T.);
#259=ADVANCED_FACE('',(#449),#379,.T.);
#260=ADVANCED_FACE('',(#450),#380,.T.);
#261=ADVANCED_FACE('',(#451),#381,.T.);
#262=ADVANCED_FACE('',(#452),#382,.F.);
#263=ADVANCED_FACE('',(#453),#383,.T.);
#264=ADVANCED_FACE('',(#454),#384,.T.);
#265=ADVANCED_FACE('',(#455),#385,.T.);
#266=ADVANCED_FACE('',(#456),#386,.F.);
#267=ADVANCED_FACE('',(#457),#387,.F.);
#268=ADVANCED_FACE('',(#458),#53,.F.);
#269=ADVANCED_FACE('',(#459),#388,.T.);
#270=ADVANCED_FACE('',(#460),#389,.F.);
#271=ADVANCED_FACE('',(#461),#390,.F.);
#272=ADVANCED_FACE('',(#462),#391,.F.);
#273=ADVANCED_FACE('',(#463),#54,.T.);
#274=ADVANCED_FACE('',(#464),#55,.T.);
#275=ADVANCED_FACE('',(#465),#392,.T.);
#276=ADVANCED_FACE('',(#466),#393,.F.);
#277=ADVANCED_FACE('',(#467),#56,.F.);
#278=ADVANCED_FACE('',(#468),#394,.F.);
#279=ADVANCED_FACE('',(#469),#395,.F.);
#280=ADVANCED_FACE('',(#470),#57,.T.);
#281=ADVANCED_FACE('',(#471),#58,.T.);
#282=ADVANCED_FACE('',(#472),#396,.T.);
#283=ADVANCED_FACE('',(#473),#397,.F.);
#284=ADVANCED_FACE('',(#474),#59,.F.);
#285=ADVANCED_FACE('',(#475),#398,.F.);
#286=ADVANCED_FACE('',(#476),#399,.F.);
#287=ADVANCED_FACE('',(#477),#60,.T.);
#288=ADVANCED_FACE('',(#478),#61,.T.);
#289=ADVANCED_FACE('',(#479),#400,.T.);
#290=ADVANCED_FACE('',(#480),#401,.F.);
#291=ADVANCED_FACE('',(#481),#62,.F.);
#292=ADVANCED_FACE('',(#482),#402,.F.);
#293=ADVANCED_FACE('',(#483),#403,.F.);
#294=ADVANCED_FACE('',(#484),#63,.T.);
#295=ADVANCED_FACE('',(#485),#64,.T.);
#296=ADVANCED_FACE('',(#486),#404,.T.);
#297=ADVANCED_FACE('',(#487),#405,.T.);
#298=ADVANCED_FACE('',(#488),#406,.F.);
#299=ADVANCED_FACE('',(#489),#407,.T.);
#300=ADVANCED_FACE('',(#111,#112),#65,.T.);
#301=ADVANCED_FACE('',(#490),#408,.F.);
#302=ADVANCED_FACE('',(#113,#114),#66,.T.);
#303=ADVANCED_FACE('',(#491),#409,.F.);
#304=ADVANCED_FACE('',(#115,#116),#67,.T.);
#305=ADVANCED_FACE('',(#492),#410,.T.);
#306=ADVANCED_FACE('',(#117,#118),#44,.T.);
#307=ADVANCED_FACE('',(#119,#120),#45,.T.);
#308=ADVANCED_FACE('',(#121,#122),#46,.T.);
#309=ADVANCED_FACE('',(#493),#411,.T.);
#310=ADVANCED_FACE('',(#123,#124),#68,.F.);
#311=ADVANCED_FACE('',(#494),#69,.T.);
#312=ADVANCED_FACE('',(#495),#70,.T.);
#313=ADVANCED_FACE('',(#496),#71,.T.);
#314=ADVANCED_FACE('',(#497),#72,.T.);
#315=ADVANCED_FACE('',(#498),#73,.T.);
#316=ADVANCED_FACE('',(#499),#37,.T.);
#317=ADVANCED_FACE('',(#500),#412,.T.);
#318=ADVANCED_FACE('',(#501),#74,.T.);
#319=ADVANCED_FACE('',(#502),#75,.F.);
#320=ADVANCED_FACE('',(#503),#34,.T.);
#321=ADVANCED_FACE('',(#504),#413,.T.);
#322=ADVANCED_FACE('',(#505),#76,.T.);
#323=ADVANCED_FACE('',(#506),#77,.F.);
#324=ADVANCED_FACE('',(#507),#35,.T.);
#325=ADVANCED_FACE('',(#508),#414,.T.);
#326=ADVANCED_FACE('',(#509),#78,.T.);
#327=ADVANCED_FACE('',(#510),#79,.T.);
#328=ADVANCED_FACE('',(#511),#80,.F.);
#329=ADVANCED_FACE('',(#512),#81,.T.);
#330=ADVANCED_FACE('',(#513),#38,.T.);
#331=ADVANCED_FACE('',(#514),#36,.T.);
#332=ADVANCED_FACE('',(#515),#82,.T.);
#333=ADVANCED_FACE('',(#516),#83,.T.);
#334=ADVANCED_FACE('',(#517),#84,.T.);
#335=ADVANCED_FACE('',(#518),#85,.T.);
#336=ADVANCED_FACE('',(#519),#86,.T.);
#337=ADVANCED_FACE('',(#520),#39,.T.);
#338=ADVANCED_FACE('',(#521),#40,.T.);
#339=ADVANCED_FACE('',(#522),#41,.T.);
#340=ADVANCED_FACE('',(#523),#87,.T.);
#341=ADVANCED_FACE('',(#524),#88,.T.);
#342=ADVANCED_FACE('',(#525),#89,.T.);
#343=ADVANCED_FACE('',(#526),#90,.T.);
#344=ADVANCED_FACE('',(#527),#42,.T.);
#345=ADVANCED_FACE('',(#528),#43,.T.);
#346=ADVANCED_FACE('',(#529),#91,.T.);
#347=PLANE('',#2243);
#348=PLANE('',#2245);
#349=PLANE('',#2247);
#350=PLANE('',#2250);
#351=PLANE('',#2251);
#352=PLANE('',#2252);
#353=PLANE('',#2257);
#354=PLANE('',#2259);
#355=PLANE('',#2261);
#356=PLANE('',#2262);
#357=PLANE('',#2263);
#358=PLANE('',#2264);
#359=PLANE('',#2265);
#360=PLANE('',#2282);
#361=PLANE('',#2284);
#362=PLANE('',#2285);
#363=PLANE('',#2287);
#364=PLANE('',#2294);
#365=PLANE('',#2296);
#366=PLANE('',#2297);
#367=PLANE('',#2300);
#368=PLANE('',#2302);
#369=PLANE('',#2305);
#370=PLANE('',#2310);
#371=PLANE('',#2315);
#372=PLANE('',#2318);
#373=PLANE('',#2319);
#374=PLANE('',#2320);
#375=PLANE('',#2321);
#376=PLANE('',#2322);
#377=PLANE('',#2323);
#378=PLANE('',#2324);
#379=PLANE('',#2325);
#380=PLANE('',#2327);
#381=PLANE('',#2328);
#382=PLANE('',#2329);
#383=PLANE('',#2330);
#384=PLANE('',#2331);
#385=PLANE('',#2332);
#386=PLANE('',#2333);
#387=PLANE('',#2334);
#388=PLANE('',#2337);
#389=PLANE('',#2340);
#390=PLANE('',#2341);
#391=PLANE('',#2342);
#392=PLANE('',#2345);
#393=PLANE('',#2349);
#394=PLANE('',#2351);
#395=PLANE('',#2352);
#396=PLANE('',#2355);
#397=PLANE('',#2359);
#398=PLANE('',#2361);
#399=PLANE('',#2362);
#400=PLANE('',#2365);
#401=PLANE('',#2369);
#402=PLANE('',#2371);
#403=PLANE('',#2372);
#404=PLANE('',#2375);
#405=PLANE('',#2376);
#406=PLANE('',#2377);
#407=PLANE('',#2378);
#408=PLANE('',#2382);
#409=PLANE('',#2386);
#410=PLANE('',#2390);
#411=PLANE('',#2394);
#412=PLANE('',#2406);
#413=PLANE('',#2414);
#414=PLANE('',#2422);
#415=FACE_OUTER_BOUND('',#530,.T.);
#416=FACE_OUTER_BOUND('',#531,.T.);
#417=FACE_OUTER_BOUND('',#532,.T.);
#418=FACE_OUTER_BOUND('',#533,.T.);
#419=FACE_OUTER_BOUND('',#534,.T.);
#420=FACE_OUTER_BOUND('',#535,.T.);
#421=FACE_OUTER_BOUND('',#536,.T.);
#422=FACE_OUTER_BOUND('',#537,.T.);
#423=FACE_OUTER_BOUND('',#538,.T.);
#424=FACE_OUTER_BOUND('',#539,.T.);
#425=FACE_OUTER_BOUND('',#540,.T.);
#426=FACE_OUTER_BOUND('',#541,.T.);
#427=FACE_OUTER_BOUND('',#542,.T.);
#428=FACE_OUTER_BOUND('',#552,.T.);
#429=FACE_OUTER_BOUND('',#553,.T.);
#430=FACE_OUTER_BOUND('',#554,.T.);
#431=FACE_OUTER_BOUND('',#559,.T.);
#432=FACE_OUTER_BOUND('',#560,.T.);
#433=FACE_OUTER_BOUND('',#561,.T.);
#434=FACE_OUTER_BOUND('',#564,.T.);
#435=FACE_OUTER_BOUND('',#565,.T.);
#436=FACE_OUTER_BOUND('',#566,.T.);
#437=FACE_OUTER_BOUND('',#567,.T.);
#438=FACE_OUTER_BOUND('',#568,.T.);
#439=FACE_OUTER_BOUND('',#569,.T.);
#440=FACE_OUTER_BOUND('',#570,.T.);
#441=FACE_OUTER_BOUND('',#571,.T.);
#442=FACE_OUTER_BOUND('',#572,.T.);
#443=FACE_OUTER_BOUND('',#573,.T.);
#444=FACE_OUTER_BOUND('',#574,.T.);
#445=FACE_OUTER_BOUND('',#575,.T.);
#446=FACE_OUTER_BOUND('',#580,.T.);
#447=FACE_OUTER_BOUND('',#581,.T.);
#448=FACE_OUTER_BOUND('',#582,.T.);
#449=FACE_OUTER_BOUND('',#583,.T.);
#450=FACE_OUTER_BOUND('',#584,.T.);
#451=FACE_OUTER_BOUND('',#585,.T.);
#452=FACE_OUTER_BOUND('',#586,.T.);
#453=FACE_OUTER_BOUND('',#587,.T.);
#454=FACE_OUTER_BOUND('',#588,.T.);
#455=FACE_OUTER_BOUND('',#589,.T.);
#456=FACE_OUTER_BOUND('',#590,.T.);
#457=FACE_OUTER_BOUND('',#591,.T.);
#458=FACE_OUTER_BOUND('',#592,.T.);
#459=FACE_OUTER_BOUND('',#593,.T.);
#460=FACE_OUTER_BOUND('',#594,.T.);
#461=FACE_OUTER_BOUND('',#595,.T.);
#462=FACE_OUTER_BOUND('',#596,.T.);
#463=FACE_OUTER_BOUND('',#597,.T.);
#464=FACE_OUTER_BOUND('',#598,.T.);
#465=FACE_OUTER_BOUND('',#599,.T.);
#466=FACE_OUTER_BOUND('',#600,.T.);
#467=FACE_OUTER_BOUND('',#601,.T.);
#468=FACE_OUTER_BOUND('',#602,.T.);
#469=FACE_OUTER_BOUND('',#603,.T.);
#470=FACE_OUTER_BOUND('',#604,.T.);
#471=FACE_OUTER_BOUND('',#605,.T.);
#472=FACE_OUTER_BOUND('',#606,.T.);
#473=FACE_OUTER_BOUND('',#607,.T.);
#474=FACE_OUTER_BOUND('',#608,.T.);
#475=FACE_OUTER_BOUND('',#609,.T.);
#476=FACE_OUTER_BOUND('',#610,.T.);
#477=FACE_OUTER_BOUND('',#611,.T.);
#478=FACE_OUTER_BOUND('',#612,.T.);
#479=FACE_OUTER_BOUND('',#613,.T.);
#480=FACE_OUTER_BOUND('',#614,.T.);
#481=FACE_OUTER_BOUND('',#615,.T.);
#482=FACE_OUTER_BOUND('',#616,.T.);
#483=FACE_OUTER_BOUND('',#617,.T.);
#484=FACE_OUTER_BOUND('',#618,.T.);
#485=FACE_OUTER_BOUND('',#619,.T.);
#486=FACE_OUTER_BOUND('',#620,.T.);
#487=FACE_OUTER_BOUND('',#621,.T.);
#488=FACE_OUTER_BOUND('',#622,.T.);
#489=FACE_OUTER_BOUND('',#623,.T.);
#490=FACE_OUTER_BOUND('',#626,.T.);
#491=FACE_OUTER_BOUND('',#629,.T.);
#492=FACE_OUTER_BOUND('',#632,.T.);
#493=FACE_OUTER_BOUND('',#639,.T.);
#494=FACE_OUTER_BOUND('',#642,.T.);
#495=FACE_OUTER_BOUND('',#643,.T.);
#496=FACE_OUTER_BOUND('',#644,.T.);
#497=FACE_OUTER_BOUND('',#645,.T.);
#498=FACE_OUTER_BOUND('',#646,.T.);
#499=FACE_OUTER_BOUND('',#647,.T.);
#500=FACE_OUTER_BOUND('',#648,.T.);
#501=FACE_OUTER_BOUND('',#649,.T.);
#502=FACE_OUTER_BOUND('',#650,.T.);
#503=FACE_OUTER_BOUND('',#651,.T.);
#504=FACE_OUTER_BOUND('',#652,.T.);
#505=FACE_OUTER_BOUND('',#653,.T.);
#506=FACE_OUTER_BOUND('',#654,.T.);
#507=FACE_OUTER_BOUND('',#655,.T.);
#508=FACE_OUTER_BOUND('',#656,.T.);
#509=FACE_OUTER_BOUND('',#657,.T.);
#510=FACE_OUTER_BOUND('',#658,.T.);
#511=FACE_OUTER_BOUND('',#659,.T.);
#512=FACE_OUTER_BOUND('',#660,.T.);
#513=FACE_OUTER_BOUND('',#661,.T.);
#514=FACE_OUTER_BOUND('',#662,.T.);
#515=FACE_OUTER_BOUND('',#663,.T.);
#516=FACE_OUTER_BOUND('',#664,.T.);
#517=FACE_OUTER_BOUND('',#665,.T.);
#518=FACE_OUTER_BOUND('',#666,.T.);
#519=FACE_OUTER_BOUND('',#667,.T.);
#520=FACE_OUTER_BOUND('',#668,.T.);
#521=FACE_OUTER_BOUND('',#669,.T.);
#522=FACE_OUTER_BOUND('',#670,.T.);
#523=FACE_OUTER_BOUND('',#671,.T.);
#524=FACE_OUTER_BOUND('',#672,.T.);
#525=FACE_OUTER_BOUND('',#673,.T.);
#526=FACE_OUTER_BOUND('',#674,.T.);
#527=FACE_OUTER_BOUND('',#675,.T.);
#528=FACE_OUTER_BOUND('',#676,.T.);
#529=FACE_OUTER_BOUND('',#677,.T.);
#530=EDGE_LOOP('',(#678,#679,#680,#681));
#531=EDGE_LOOP('',(#682,#683,#684,#685,#686));
#532=EDGE_LOOP('',(#687,#688,#689,#690,#691));
#533=EDGE_LOOP('',(#692,#693,#694,#695,#696,#697,#698,#699,#700,#701,#702,
#703));
#534=EDGE_LOOP('',(#704,#705,#706,#707));
#535=EDGE_LOOP('',(#708,#709,#710,#711,#712,#713,#714,#715));
#536=EDGE_LOOP('',(#716,#717,#718,#719,#720,#721,#722,#723,#724,#725,#726,
#727,#728,#729,#730,#731,#732,#733,#734,#735,#736,#737,#738,#739));
#537=EDGE_LOOP('',(#740,#741,#742,#743,#744));
#538=EDGE_LOOP('',(#745,#746,#747,#748,#749));
#539=EDGE_LOOP('',(#750,#751,#752,#753));
#540=EDGE_LOOP('',(#754,#755,#756,#757));
#541=EDGE_LOOP('',(#758,#759,#760,#761));
#542=EDGE_LOOP('',(#762,#763,#764,#765));
#543=EDGE_LOOP('',(#766));
#544=EDGE_LOOP('',(#767,#768,#769,#770,#771,#772,#773,#774,#775,#776,#777,
#778,#779,#780,#781,#782,#783,#784,#785,#786));
#545=EDGE_LOOP('',(#787));
#546=EDGE_LOOP('',(#788));
#547=EDGE_LOOP('',(#789));
#548=EDGE_LOOP('',(#790,#791,#792,#793,#794,#795));
#549=EDGE_LOOP('',(#796,#797,#798,#799,#800,#801));
#550=EDGE_LOOP('',(#802,#803,#804,#805,#806,#807));
#551=EDGE_LOOP('',(#808,#809,#810,#811,#812,#813));
#552=EDGE_LOOP('',(#814,#815,#816,#817,#818,#819,#820,#821));
#553=EDGE_LOOP('',(#822,#823,#824,#825));
#554=EDGE_LOOP('',(#826,#827,#828,#829,#830,#831,#832));
#555=EDGE_LOOP('',(#833,#834,#835,#836));
#556=EDGE_LOOP('',(#837,#838,#839,#840));
#557=EDGE_LOOP('',(#841,#842,#843,#844));
#558=EDGE_LOOP('',(#845,#846,#847,#848));
#559=EDGE_LOOP('',(#849,#850,#851,#852,#853));
#560=EDGE_LOOP('',(#854,#855,#856,#857));
#561=EDGE_LOOP('',(#858,#859,#860,#861,#862,#863,#864,#865,#866,#867));
#562=EDGE_LOOP('',(#868,#869,#870,#871));
#563=EDGE_LOOP('',(#872));
#564=EDGE_LOOP('',(#873,#874,#875,#876));
#565=EDGE_LOOP('',(#877,#878,#879,#880));
#566=EDGE_LOOP('',(#881,#882,#883,#884));
#567=EDGE_LOOP('',(#885,#886,#887,#888));
#568=EDGE_LOOP('',(#889,#890,#891,#892));
#569=EDGE_LOOP('',(#893,#894,#895,#896));
#570=EDGE_LOOP('',(#897,#898,#899,#900));
#571=EDGE_LOOP('',(#901,#902,#903,#904));
#572=EDGE_LOOP('',(#905,#906,#907,#908));
#573=EDGE_LOOP('',(#909,#910,#911,#912));
#574=EDGE_LOOP('',(#913,#914,#915,#916));
#575=EDGE_LOOP('',(#917,#918,#919,#920));
#576=EDGE_LOOP('',(#921,#922,#923,#924));
#577=EDGE_LOOP('',(#925,#926,#927,#928));
#578=EDGE_LOOP('',(#929,#930,#931,#932));
#579=EDGE_LOOP('',(#933,#934,#935,#936));
#580=EDGE_LOOP('',(#937,#938,#939,#940));
#581=EDGE_LOOP('',(#941,#942,#943,#944));
#582=EDGE_LOOP('',(#945,#946,#947,#948));
#583=EDGE_LOOP('',(#949,#950,#951,#952,#953,#954,#955,#956));
#584=EDGE_LOOP('',(#957,#958,#959,#960,#961));
#585=EDGE_LOOP('',(#962,#963,#964,#965,#966,#967,#968,#969));
#586=EDGE_LOOP('',(#970,#971,#972,#973,#974,#975,#976,#977));
#587=EDGE_LOOP('',(#978,#979,#980,#981));
#588=EDGE_LOOP('',(#982,#983,#984,#985));
#589=EDGE_LOOP('',(#986,#987,#988,#989));
#590=EDGE_LOOP('',(#990,#991,#992,#993));
#591=EDGE_LOOP('',(#994,#995,#996,#997));
#592=EDGE_LOOP('',(#998,#999,#1000,#1001));
#593=EDGE_LOOP('',(#1002,#1003,#1004,#1005));
#594=EDGE_LOOP('',(#1006,#1007,#1008,#1009,#1010,#1011));
#595=EDGE_LOOP('',(#1012,#1013,#1014,#1015));
#596=EDGE_LOOP('',(#1016,#1017,#1018,#1019));
#597=EDGE_LOOP('',(#1020,#1021,#1022,#1023));
#598=EDGE_LOOP('',(#1024,#1025,#1026,#1027));
#599=EDGE_LOOP('',(#1028,#1029,#1030,#1031));
#600=EDGE_LOOP('',(#1032,#1033,#1034,#1035,#1036,#1037));
#601=EDGE_LOOP('',(#1038,#1039,#1040,#1041));
#602=EDGE_LOOP('',(#1042,#1043,#1044,#1045));
#603=EDGE_LOOP('',(#1046,#1047,#1048,#1049));
#604=EDGE_LOOP('',(#1050,#1051,#1052,#1053));
#605=EDGE_LOOP('',(#1054,#1055,#1056,#1057));
#606=EDGE_LOOP('',(#1058,#1059,#1060,#1061));
#607=EDGE_LOOP('',(#1062,#1063,#1064,#1065,#1066,#1067));
#608=EDGE_LOOP('',(#1068,#1069,#1070,#1071));
#609=EDGE_LOOP('',(#1072,#1073,#1074,#1075));
#610=EDGE_LOOP('',(#1076,#1077,#1078,#1079));
#611=EDGE_LOOP('',(#1080,#1081,#1082,#1083));
#612=EDGE_LOOP('',(#1084,#1085,#1086,#1087));
#613=EDGE_LOOP('',(#1088,#1089,#1090,#1091));
#614=EDGE_LOOP('',(#1092,#1093,#1094,#1095,#1096,#1097));
#615=EDGE_LOOP('',(#1098,#1099,#1100,#1101));
#616=EDGE_LOOP('',(#1102,#1103,#1104,#1105));
#617=EDGE_LOOP('',(#1106,#1107,#1108,#1109));
#618=EDGE_LOOP('',(#1110,#1111,#1112,#1113));
#619=EDGE_LOOP('',(#1114,#1115,#1116,#1117));
#620=EDGE_LOOP('',(#1118,#1119,#1120,#1121,#1122,#1123,#1124,#1125));
#621=EDGE_LOOP('',(#1126,#1127,#1128,#1129,#1130,#1131,#1132,#1133));
#622=EDGE_LOOP('',(#1134,#1135,#1136,#1137));
#623=EDGE_LOOP('',(#1138,#1139,#1140,#1141));
#624=EDGE_LOOP('',(#1142));
#625=EDGE_LOOP('',(#1143));
#626=EDGE_LOOP('',(#1144));
#627=EDGE_LOOP('',(#1145));
#628=EDGE_LOOP('',(#1146));
#629=EDGE_LOOP('',(#1147));
#630=EDGE_LOOP('',(#1148));
#631=EDGE_LOOP('',(#1149));
#632=EDGE_LOOP('',(#1150));
#633=EDGE_LOOP('',(#1151));
#634=EDGE_LOOP('',(#1152));
#635=EDGE_LOOP('',(#1153));
#636=EDGE_LOOP('',(#1154));
#637=EDGE_LOOP('',(#1155));
#638=EDGE_LOOP('',(#1156));
#639=EDGE_LOOP('',(#1157,#1158,#1159,#1160));
#640=EDGE_LOOP('',(#1161));
#641=EDGE_LOOP('',(#1162));
#642=EDGE_LOOP('',(#1163,#1164,#1165,#1166));
#643=EDGE_LOOP('',(#1167,#1168,#1169,#1170));
#644=EDGE_LOOP('',(#1171,#1172,#1173,#1174));
#645=EDGE_LOOP('',(#1175,#1176,#1177,#1178));
#646=EDGE_LOOP('',(#1179,#1180,#1181,#1182));
#647=EDGE_LOOP('',(#1183,#1184,#1185));
#648=EDGE_LOOP('',(#1186,#1187,#1188,#1189));
#649=EDGE_LOOP('',(#1190,#1191,#1192,#1193));
#650=EDGE_LOOP('',(#1194,#1195,#1196,#1197));
#651=EDGE_LOOP('',(#1198,#1199,#1200,#1201));
#652=EDGE_LOOP('',(#1202,#1203,#1204,#1205));
#653=EDGE_LOOP('',(#1206,#1207,#1208,#1209));
#654=EDGE_LOOP('',(#1210,#1211,#1212,#1213));
#655=EDGE_LOOP('',(#1214,#1215,#1216,#1217));
#656=EDGE_LOOP('',(#1218,#1219,#1220,#1221));
#657=EDGE_LOOP('',(#1222,#1223,#1224,#1225));
#658=EDGE_LOOP('',(#1226,#1227,#1228,#1229));
#659=EDGE_LOOP('',(#1230,#1231,#1232,#1233));
#660=EDGE_LOOP('',(#1234,#1235,#1236,#1237));
#661=EDGE_LOOP('',(#1238,#1239,#1240));
#662=EDGE_LOOP('',(#1241,#1242,#1243,#1244));
#663=EDGE_LOOP('',(#1245,#1246,#1247,#1248));
#664=EDGE_LOOP('',(#1249,#1250,#1251,#1252));
#665=EDGE_LOOP('',(#1253,#1254,#1255,#1256));
#666=EDGE_LOOP('',(#1257,#1258,#1259,#1260));
#667=EDGE_LOOP('',(#1261,#1262,#1263,#1264));
#668=EDGE_LOOP('',(#1265,#1266,#1267));
#669=EDGE_LOOP('',(#1268,#1269,#1270));
#670=EDGE_LOOP('',(#1271,#1272,#1273));
#671=EDGE_LOOP('',(#1274,#1275,#1276,#1277));
#672=EDGE_LOOP('',(#1278,#1279,#1280,#1281));
#673=EDGE_LOOP('',(#1282,#1283,#1284,#1285));
#674=EDGE_LOOP('',(#1286,#1287,#1288,#1289));
#675=EDGE_LOOP('',(#1290,#1291,#1292));
#676=EDGE_LOOP('',(#1293,#1294,#1295));
#677=EDGE_LOOP('',(#1296,#1297,#1298,#1299));
#678=ORIENTED_EDGE('',*,*,#1501,.F.);
#679=ORIENTED_EDGE('',*,*,#1502,.T.);
#680=ORIENTED_EDGE('',*,*,#1503,.T.);
#681=ORIENTED_EDGE('',*,*,#1504,.F.);
#682=ORIENTED_EDGE('',*,*,#1505,.T.);
#683=ORIENTED_EDGE('',*,*,#1506,.T.);
#684=ORIENTED_EDGE('',*,*,#1507,.T.);
#685=ORIENTED_EDGE('',*,*,#1508,.T.);
#686=ORIENTED_EDGE('',*,*,#1509,.T.);
#687=ORIENTED_EDGE('',*,*,#1510,.T.);
#688=ORIENTED_EDGE('',*,*,#1511,.T.);
#689=ORIENTED_EDGE('',*,*,#1512,.T.);
#690=ORIENTED_EDGE('',*,*,#1513,.T.);
#691=ORIENTED_EDGE('',*,*,#1514,.F.);
#692=ORIENTED_EDGE('',*,*,#1515,.F.);
#693=ORIENTED_EDGE('',*,*,#1516,.F.);
#694=ORIENTED_EDGE('',*,*,#1517,.T.);
#695=ORIENTED_EDGE('',*,*,#1518,.F.);
#696=ORIENTED_EDGE('',*,*,#1519,.T.);
#697=ORIENTED_EDGE('',*,*,#1520,.T.);
#698=ORIENTED_EDGE('',*,*,#1521,.F.);
#699=ORIENTED_EDGE('',*,*,#1522,.F.);
#700=ORIENTED_EDGE('',*,*,#1523,.T.);
#701=ORIENTED_EDGE('',*,*,#1524,.T.);
#702=ORIENTED_EDGE('',*,*,#1525,.T.);
#703=ORIENTED_EDGE('',*,*,#1526,.F.);
#704=ORIENTED_EDGE('',*,*,#1527,.T.);
#705=ORIENTED_EDGE('',*,*,#1528,.T.);
#706=ORIENTED_EDGE('',*,*,#1510,.F.);
#707=ORIENTED_EDGE('',*,*,#1529,.T.);
#708=ORIENTED_EDGE('',*,*,#1507,.F.);
#709=ORIENTED_EDGE('',*,*,#1530,.T.);
#710=ORIENTED_EDGE('',*,*,#1531,.T.);
#711=ORIENTED_EDGE('',*,*,#1532,.T.);
#712=ORIENTED_EDGE('',*,*,#1533,.T.);
#713=ORIENTED_EDGE('',*,*,#1534,.T.);
#714=ORIENTED_EDGE('',*,*,#1535,.F.);
#715=ORIENTED_EDGE('',*,*,#1536,.F.);
#716=ORIENTED_EDGE('',*,*,#1537,.T.);
#717=ORIENTED_EDGE('',*,*,#1538,.T.);
#718=ORIENTED_EDGE('',*,*,#1539,.F.);
#719=ORIENTED_EDGE('',*,*,#1540,.T.);
#720=ORIENTED_EDGE('',*,*,#1529,.F.);
#721=ORIENTED_EDGE('',*,*,#1514,.T.);
#722=ORIENTED_EDGE('',*,*,#1541,.T.);
#723=ORIENTED_EDGE('',*,*,#1542,.T.);
#724=ORIENTED_EDGE('',*,*,#1543,.T.);
#725=ORIENTED_EDGE('',*,*,#1521,.T.);
#726=ORIENTED_EDGE('',*,*,#1544,.T.);
#727=ORIENTED_EDGE('',*,*,#1545,.T.);
#728=ORIENTED_EDGE('',*,*,#1546,.T.);
#729=ORIENTED_EDGE('',*,*,#1547,.T.);
#730=ORIENTED_EDGE('',*,*,#1548,.T.);
#731=ORIENTED_EDGE('',*,*,#1549,.F.);
#732=ORIENTED_EDGE('',*,*,#1550,.T.);
#733=ORIENTED_EDGE('',*,*,#1551,.T.);
#734=ORIENTED_EDGE('',*,*,#1552,.T.);
#735=ORIENTED_EDGE('',*,*,#1553,.F.);
#736=ORIENTED_EDGE('',*,*,#1554,.F.);
#737=ORIENTED_EDGE('',*,*,#1555,.T.);
#738=ORIENTED_EDGE('',*,*,#1556,.T.);
#739=ORIENTED_EDGE('',*,*,#1557,.T.);
#740=ORIENTED_EDGE('',*,*,#1558,.T.);
#741=ORIENTED_EDGE('',*,*,#1559,.T.);
#742=ORIENTED_EDGE('',*,*,#1560,.T.);
#743=ORIENTED_EDGE('',*,*,#1561,.F.);
#744=ORIENTED_EDGE('',*,*,#1562,.T.);
#745=ORIENTED_EDGE('',*,*,#1563,.T.);
#746=ORIENTED_EDGE('',*,*,#1564,.T.);
#747=ORIENTED_EDGE('',*,*,#1565,.T.);
#748=ORIENTED_EDGE('',*,*,#1542,.F.);
#749=ORIENTED_EDGE('',*,*,#1566,.F.);
#750=ORIENTED_EDGE('',*,*,#1518,.T.);
#751=ORIENTED_EDGE('',*,*,#1567,.T.);
#752=ORIENTED_EDGE('',*,*,#1558,.F.);
#753=ORIENTED_EDGE('',*,*,#1568,.T.);
#754=ORIENTED_EDGE('',*,*,#1565,.F.);
#755=ORIENTED_EDGE('',*,*,#1569,.T.);
#756=ORIENTED_EDGE('',*,*,#1522,.T.);
#757=ORIENTED_EDGE('',*,*,#1543,.F.);
#758=ORIENTED_EDGE('',*,*,#1561,.T.);
#759=ORIENTED_EDGE('',*,*,#1570,.T.);
#760=ORIENTED_EDGE('',*,*,#1509,.F.);
#761=ORIENTED_EDGE('',*,*,#1571,.T.);
#762=ORIENTED_EDGE('',*,*,#1513,.F.);
#763=ORIENTED_EDGE('',*,*,#1572,.T.);
#764=ORIENTED_EDGE('',*,*,#1566,.T.);
#765=ORIENTED_EDGE('',*,*,#1541,.F.);
#766=ORIENTED_EDGE('',*,*,#1573,.F.);
#767=ORIENTED_EDGE('',*,*,#1574,.F.);
#768=ORIENTED_EDGE('',*,*,#1575,.T.);
#769=ORIENTED_EDGE('',*,*,#1576,.F.);
#770=ORIENTED_EDGE('',*,*,#1577,.T.);
#771=ORIENTED_EDGE('',*,*,#1578,.F.);
#772=ORIENTED_EDGE('',*,*,#1579,.F.);
#773=ORIENTED_EDGE('',*,*,#1580,.F.);
#774=ORIENTED_EDGE('',*,*,#1581,.T.);
#775=ORIENTED_EDGE('',*,*,#1582,.F.);
#776=ORIENTED_EDGE('',*,*,#1583,.F.);
#777=ORIENTED_EDGE('',*,*,#1584,.F.);
#778=ORIENTED_EDGE('',*,*,#1585,.F.);
#779=ORIENTED_EDGE('',*,*,#1586,.F.);
#780=ORIENTED_EDGE('',*,*,#1519,.F.);
#781=ORIENTED_EDGE('',*,*,#1568,.F.);
#782=ORIENTED_EDGE('',*,*,#1562,.F.);
#783=ORIENTED_EDGE('',*,*,#1571,.F.);
#784=ORIENTED_EDGE('',*,*,#1508,.F.);
#785=ORIENTED_EDGE('',*,*,#1536,.T.);
#786=ORIENTED_EDGE('',*,*,#1587,.T.);
#787=ORIENTED_EDGE('',*,*,#1588,.F.);
#788=ORIENTED_EDGE('',*,*,#1589,.F.);
#789=ORIENTED_EDGE('',*,*,#1590,.F.);
#790=ORIENTED_EDGE('',*,*,#1591,.F.);
#791=ORIENTED_EDGE('',*,*,#1592,.T.);
#792=ORIENTED_EDGE('',*,*,#1593,.F.);
#793=ORIENTED_EDGE('',*,*,#1594,.T.);
#794=ORIENTED_EDGE('',*,*,#1595,.T.);
#795=ORIENTED_EDGE('',*,*,#1596,.T.);
#796=ORIENTED_EDGE('',*,*,#1597,.F.);
#797=ORIENTED_EDGE('',*,*,#1598,.T.);
#798=ORIENTED_EDGE('',*,*,#1599,.T.);
#799=ORIENTED_EDGE('',*,*,#1600,.T.);
#800=ORIENTED_EDGE('',*,*,#1601,.T.);
#801=ORIENTED_EDGE('',*,*,#1602,.T.);
#802=ORIENTED_EDGE('',*,*,#1603,.T.);
#803=ORIENTED_EDGE('',*,*,#1604,.T.);
#804=ORIENTED_EDGE('',*,*,#1605,.T.);
#805=ORIENTED_EDGE('',*,*,#1606,.T.);
#806=ORIENTED_EDGE('',*,*,#1607,.T.);
#807=ORIENTED_EDGE('',*,*,#1608,.T.);
#808=ORIENTED_EDGE('',*,*,#1609,.T.);
#809=ORIENTED_EDGE('',*,*,#1610,.T.);
#810=ORIENTED_EDGE('',*,*,#1611,.T.);
#811=ORIENTED_EDGE('',*,*,#1612,.F.);
#812=ORIENTED_EDGE('',*,*,#1613,.T.);
#813=ORIENTED_EDGE('',*,*,#1614,.T.);
#814=ORIENTED_EDGE('',*,*,#1615,.T.);
#815=ORIENTED_EDGE('',*,*,#1616,.T.);
#816=ORIENTED_EDGE('',*,*,#1617,.T.);
#817=ORIENTED_EDGE('',*,*,#1553,.T.);
#818=ORIENTED_EDGE('',*,*,#1618,.F.);
#819=ORIENTED_EDGE('',*,*,#1577,.F.);
#820=ORIENTED_EDGE('',*,*,#1619,.T.);
#821=ORIENTED_EDGE('',*,*,#1620,.T.);
#822=ORIENTED_EDGE('',*,*,#1581,.F.);
#823=ORIENTED_EDGE('',*,*,#1621,.T.);
#824=ORIENTED_EDGE('',*,*,#1549,.T.);
#825=ORIENTED_EDGE('',*,*,#1622,.F.);
#826=ORIENTED_EDGE('',*,*,#1623,.T.);
#827=ORIENTED_EDGE('',*,*,#1624,.T.);
#828=ORIENTED_EDGE('',*,*,#1556,.F.);
#829=ORIENTED_EDGE('',*,*,#1625,.T.);
#830=ORIENTED_EDGE('',*,*,#1626,.F.);
#831=ORIENTED_EDGE('',*,*,#1627,.T.);
#832=ORIENTED_EDGE('',*,*,#1628,.T.);
#833=ORIENTED_EDGE('',*,*,#1629,.T.);
#834=ORIENTED_EDGE('',*,*,#1630,.T.);
#835=ORIENTED_EDGE('',*,*,#1537,.F.);
#836=ORIENTED_EDGE('',*,*,#1631,.T.);
#837=ORIENTED_EDGE('',*,*,#1632,.T.);
#838=ORIENTED_EDGE('',*,*,#1633,.T.);
#839=ORIENTED_EDGE('',*,*,#1634,.T.);
#840=ORIENTED_EDGE('',*,*,#1635,.T.);
#841=ORIENTED_EDGE('',*,*,#1636,.T.);
#842=ORIENTED_EDGE('',*,*,#1637,.T.);
#843=ORIENTED_EDGE('',*,*,#1638,.T.);
#844=ORIENTED_EDGE('',*,*,#1639,.T.);
#845=ORIENTED_EDGE('',*,*,#1640,.T.);
#846=ORIENTED_EDGE('',*,*,#1641,.T.);
#847=ORIENTED_EDGE('',*,*,#1642,.T.);
#848=ORIENTED_EDGE('',*,*,#1643,.T.);
#849=ORIENTED_EDGE('',*,*,#1535,.T.);
#850=ORIENTED_EDGE('',*,*,#1644,.T.);
#851=ORIENTED_EDGE('',*,*,#1645,.F.);
#852=ORIENTED_EDGE('',*,*,#1646,.F.);
#853=ORIENTED_EDGE('',*,*,#1587,.F.);
#854=ORIENTED_EDGE('',*,*,#1647,.F.);
#855=ORIENTED_EDGE('',*,*,#1583,.T.);
#856=ORIENTED_EDGE('',*,*,#1648,.F.);
#857=ORIENTED_EDGE('',*,*,#1547,.F.);
#858=ORIENTED_EDGE('',*,*,#1539,.T.);
#859=ORIENTED_EDGE('',*,*,#1649,.T.);
#860=ORIENTED_EDGE('',*,*,#1650,.T.);
#861=ORIENTED_EDGE('',*,*,#1651,.T.);
#862=ORIENTED_EDGE('',*,*,#1652,.T.);
#863=ORIENTED_EDGE('',*,*,#1653,.F.);
#864=ORIENTED_EDGE('',*,*,#1654,.T.);
#865=ORIENTED_EDGE('',*,*,#1655,.F.);
#866=ORIENTED_EDGE('',*,*,#1656,.T.);
#867=ORIENTED_EDGE('',*,*,#1657,.T.);
#868=ORIENTED_EDGE('',*,*,#1658,.T.);
#869=ORIENTED_EDGE('',*,*,#1659,.T.);
#870=ORIENTED_EDGE('',*,*,#1660,.T.);
#871=ORIENTED_EDGE('',*,*,#1661,.T.);
#872=ORIENTED_EDGE('',*,*,#1662,.T.);
#873=ORIENTED_EDGE('',*,*,#1640,.F.);
#874=ORIENTED_EDGE('',*,*,#1663,.F.);
#875=ORIENTED_EDGE('',*,*,#1664,.T.);
#876=ORIENTED_EDGE('',*,*,#1665,.T.);
#877=ORIENTED_EDGE('',*,*,#1641,.F.);
#878=ORIENTED_EDGE('',*,*,#1665,.F.);
#879=ORIENTED_EDGE('',*,*,#1666,.T.);
#880=ORIENTED_EDGE('',*,*,#1667,.T.);
#881=ORIENTED_EDGE('',*,*,#1642,.F.);
#882=ORIENTED_EDGE('',*,*,#1667,.F.);
#883=ORIENTED_EDGE('',*,*,#1668,.T.);
#884=ORIENTED_EDGE('',*,*,#1669,.T.);
#885=ORIENTED_EDGE('',*,*,#1636,.F.);
#886=ORIENTED_EDGE('',*,*,#1670,.F.);
#887=ORIENTED_EDGE('',*,*,#1671,.T.);
#888=ORIENTED_EDGE('',*,*,#1672,.T.);
#889=ORIENTED_EDGE('',*,*,#1637,.F.);
#890=ORIENTED_EDGE('',*,*,#1672,.F.);
#891=ORIENTED_EDGE('',*,*,#1673,.T.);
#892=ORIENTED_EDGE('',*,*,#1674,.T.);
#893=ORIENTED_EDGE('',*,*,#1638,.F.);
#894=ORIENTED_EDGE('',*,*,#1674,.F.);
#895=ORIENTED_EDGE('',*,*,#1675,.T.);
#896=ORIENTED_EDGE('',*,*,#1676,.T.);
#897=ORIENTED_EDGE('',*,*,#1632,.F.);
#898=ORIENTED_EDGE('',*,*,#1677,.F.);
#899=ORIENTED_EDGE('',*,*,#1678,.T.);
#900=ORIENTED_EDGE('',*,*,#1679,.T.);
#901=ORIENTED_EDGE('',*,*,#1633,.F.);
#902=ORIENTED_EDGE('',*,*,#1679,.F.);
#903=ORIENTED_EDGE('',*,*,#1680,.T.);
#904=ORIENTED_EDGE('',*,*,#1681,.T.);
#905=ORIENTED_EDGE('',*,*,#1634,.F.);
#906=ORIENTED_EDGE('',*,*,#1681,.F.);
#907=ORIENTED_EDGE('',*,*,#1682,.T.);
#908=ORIENTED_EDGE('',*,*,#1683,.T.);
#909=ORIENTED_EDGE('',*,*,#1639,.F.);
#910=ORIENTED_EDGE('',*,*,#1676,.F.);
#911=ORIENTED_EDGE('',*,*,#1684,.T.);
#912=ORIENTED_EDGE('',*,*,#1670,.T.);
#913=ORIENTED_EDGE('',*,*,#1635,.F.);
#914=ORIENTED_EDGE('',*,*,#1683,.F.);
#915=ORIENTED_EDGE('',*,*,#1685,.T.);
#916=ORIENTED_EDGE('',*,*,#1677,.T.);
#917=ORIENTED_EDGE('',*,*,#1643,.F.);
#918=ORIENTED_EDGE('',*,*,#1669,.F.);
#919=ORIENTED_EDGE('',*,*,#1686,.T.);
#920=ORIENTED_EDGE('',*,*,#1663,.T.);
#921=ORIENTED_EDGE('',*,*,#1582,.T.);
#922=ORIENTED_EDGE('',*,*,#1622,.T.);
#923=ORIENTED_EDGE('',*,*,#1548,.F.);
#924=ORIENTED_EDGE('',*,*,#1648,.T.);
#925=ORIENTED_EDGE('',*,*,#1678,.F.);
#926=ORIENTED_EDGE('',*,*,#1685,.F.);
#927=ORIENTED_EDGE('',*,*,#1682,.F.);
#928=ORIENTED_EDGE('',*,*,#1680,.F.);
#929=ORIENTED_EDGE('',*,*,#1671,.F.);
#930=ORIENTED_EDGE('',*,*,#1684,.F.);
#931=ORIENTED_EDGE('',*,*,#1675,.F.);
#932=ORIENTED_EDGE('',*,*,#1673,.F.);
#933=ORIENTED_EDGE('',*,*,#1664,.F.);
#934=ORIENTED_EDGE('',*,*,#1686,.F.);
#935=ORIENTED_EDGE('',*,*,#1668,.F.);
#936=ORIENTED_EDGE('',*,*,#1666,.F.);
#937=ORIENTED_EDGE('',*,*,#1550,.F.);
#938=ORIENTED_EDGE('',*,*,#1621,.F.);
#939=ORIENTED_EDGE('',*,*,#1580,.T.);
#940=ORIENTED_EDGE('',*,*,#1687,.T.);
#941=ORIENTED_EDGE('',*,*,#1551,.F.);
#942=ORIENTED_EDGE('',*,*,#1687,.F.);
#943=ORIENTED_EDGE('',*,*,#1579,.T.);
#944=ORIENTED_EDGE('',*,*,#1688,.T.);
#945=ORIENTED_EDGE('',*,*,#1552,.F.);
#946=ORIENTED_EDGE('',*,*,#1688,.F.);
#947=ORIENTED_EDGE('',*,*,#1578,.T.);
#948=ORIENTED_EDGE('',*,*,#1618,.T.);
#949=ORIENTED_EDGE('',*,*,#1689,.T.);
#950=ORIENTED_EDGE('',*,*,#1690,.T.);
#951=ORIENTED_EDGE('',*,*,#1619,.F.);
#952=ORIENTED_EDGE('',*,*,#1576,.T.);
#953=ORIENTED_EDGE('',*,*,#1691,.T.);
#954=ORIENTED_EDGE('',*,*,#1692,.T.);
#955=ORIENTED_EDGE('',*,*,#1502,.F.);
#956=ORIENTED_EDGE('',*,*,#1693,.F.);
#957=ORIENTED_EDGE('',*,*,#1694,.F.);
#958=ORIENTED_EDGE('',*,*,#1695,.T.);
#959=ORIENTED_EDGE('',*,*,#1689,.F.);
#960=ORIENTED_EDGE('',*,*,#1696,.F.);
#961=ORIENTED_EDGE('',*,*,#1697,.T.);
#962=ORIENTED_EDGE('',*,*,#1698,.F.);
#963=ORIENTED_EDGE('',*,*,#1697,.F.);
#964=ORIENTED_EDGE('',*,*,#1699,.F.);
#965=ORIENTED_EDGE('',*,*,#1504,.T.);
#966=ORIENTED_EDGE('',*,*,#1700,.T.);
#967=ORIENTED_EDGE('',*,*,#1701,.F.);
#968=ORIENTED_EDGE('',*,*,#1574,.T.);
#969=ORIENTED_EDGE('',*,*,#1646,.T.);
#970=ORIENTED_EDGE('',*,*,#1702,.T.);
#971=ORIENTED_EDGE('',*,*,#1703,.T.);
#972=ORIENTED_EDGE('',*,*,#1704,.T.);
#973=ORIENTED_EDGE('',*,*,#1694,.T.);
#974=ORIENTED_EDGE('',*,*,#1698,.T.);
#975=ORIENTED_EDGE('',*,*,#1645,.T.);
#976=ORIENTED_EDGE('',*,*,#1705,.T.);
#977=ORIENTED_EDGE('',*,*,#1706,.T.);
#978=ORIENTED_EDGE('',*,*,#1545,.F.);
#979=ORIENTED_EDGE('',*,*,#1707,.F.);
#980=ORIENTED_EDGE('',*,*,#1585,.T.);
#981=ORIENTED_EDGE('',*,*,#1708,.T.);
#982=ORIENTED_EDGE('',*,*,#1546,.F.);
#983=ORIENTED_EDGE('',*,*,#1708,.F.);
#984=ORIENTED_EDGE('',*,*,#1584,.T.);
#985=ORIENTED_EDGE('',*,*,#1647,.T.);
#986=ORIENTED_EDGE('',*,*,#1544,.F.);
#987=ORIENTED_EDGE('',*,*,#1520,.F.);
#988=ORIENTED_EDGE('',*,*,#1586,.T.);
#989=ORIENTED_EDGE('',*,*,#1707,.T.);
#990=ORIENTED_EDGE('',*,*,#1709,.T.);
#991=ORIENTED_EDGE('',*,*,#1691,.F.);
#992=ORIENTED_EDGE('',*,*,#1575,.F.);
#993=ORIENTED_EDGE('',*,*,#1701,.T.);
#994=ORIENTED_EDGE('',*,*,#1503,.F.);
#995=ORIENTED_EDGE('',*,*,#1692,.F.);
#996=ORIENTED_EDGE('',*,*,#1709,.F.);
#997=ORIENTED_EDGE('',*,*,#1700,.F.);
#998=ORIENTED_EDGE('',*,*,#1710,.F.);
#999=ORIENTED_EDGE('',*,*,#1711,.T.);
#1000=ORIENTED_EDGE('',*,*,#1608,.F.);
#1001=ORIENTED_EDGE('',*,*,#1712,.T.);
#1002=ORIENTED_EDGE('',*,*,#1713,.T.);
#1003=ORIENTED_EDGE('',*,*,#1714,.T.);
#1004=ORIENTED_EDGE('',*,*,#1715,.F.);
#1005=ORIENTED_EDGE('',*,*,#1605,.F.);
#1006=ORIENTED_EDGE('',*,*,#1716,.F.);
#1007=ORIENTED_EDGE('',*,*,#1717,.T.);
#1008=ORIENTED_EDGE('',*,*,#1710,.T.);
#1009=ORIENTED_EDGE('',*,*,#1718,.T.);
#1010=ORIENTED_EDGE('',*,*,#1719,.F.);
#1011=ORIENTED_EDGE('',*,*,#1714,.F.);
#1012=ORIENTED_EDGE('',*,*,#1604,.F.);
#1013=ORIENTED_EDGE('',*,*,#1720,.T.);
#1014=ORIENTED_EDGE('',*,*,#1716,.T.);
#1015=ORIENTED_EDGE('',*,*,#1713,.F.);
#1016=ORIENTED_EDGE('',*,*,#1719,.T.);
#1017=ORIENTED_EDGE('',*,*,#1721,.T.);
#1018=ORIENTED_EDGE('',*,*,#1606,.F.);
#1019=ORIENTED_EDGE('',*,*,#1715,.T.);
#1020=ORIENTED_EDGE('',*,*,#1603,.F.);
#1021=ORIENTED_EDGE('',*,*,#1711,.F.);
#1022=ORIENTED_EDGE('',*,*,#1717,.F.);
#1023=ORIENTED_EDGE('',*,*,#1720,.F.);
#1024=ORIENTED_EDGE('',*,*,#1718,.F.);
#1025=ORIENTED_EDGE('',*,*,#1712,.F.);
#1026=ORIENTED_EDGE('',*,*,#1607,.F.);
#1027=ORIENTED_EDGE('',*,*,#1721,.F.);
#1028=ORIENTED_EDGE('',*,*,#1722,.T.);
#1029=ORIENTED_EDGE('',*,*,#1723,.T.);
#1030=ORIENTED_EDGE('',*,*,#1611,.F.);
#1031=ORIENTED_EDGE('',*,*,#1724,.F.);
#1032=ORIENTED_EDGE('',*,*,#1725,.T.);
#1033=ORIENTED_EDGE('',*,*,#1726,.T.);
#1034=ORIENTED_EDGE('',*,*,#1727,.T.);
#1035=ORIENTED_EDGE('',*,*,#1728,.T.);
#1036=ORIENTED_EDGE('',*,*,#1729,.F.);
#1037=ORIENTED_EDGE('',*,*,#1722,.F.);
#1038=ORIENTED_EDGE('',*,*,#1727,.F.);
#1039=ORIENTED_EDGE('',*,*,#1730,.T.);
#1040=ORIENTED_EDGE('',*,*,#1614,.F.);
#1041=ORIENTED_EDGE('',*,*,#1731,.T.);
#1042=ORIENTED_EDGE('',*,*,#1610,.F.);
#1043=ORIENTED_EDGE('',*,*,#1732,.T.);
#1044=ORIENTED_EDGE('',*,*,#1725,.F.);
#1045=ORIENTED_EDGE('',*,*,#1724,.T.);
#1046=ORIENTED_EDGE('',*,*,#1729,.T.);
#1047=ORIENTED_EDGE('',*,*,#1733,.T.);
#1048=ORIENTED_EDGE('',*,*,#1612,.T.);
#1049=ORIENTED_EDGE('',*,*,#1723,.F.);
#1050=ORIENTED_EDGE('',*,*,#1609,.F.);
#1051=ORIENTED_EDGE('',*,*,#1730,.F.);
#1052=ORIENTED_EDGE('',*,*,#1726,.F.);
#1053=ORIENTED_EDGE('',*,*,#1732,.F.);
#1054=ORIENTED_EDGE('',*,*,#1728,.F.);
#1055=ORIENTED_EDGE('',*,*,#1731,.F.);
#1056=ORIENTED_EDGE('',*,*,#1613,.F.);
#1057=ORIENTED_EDGE('',*,*,#1733,.F.);
#1058=ORIENTED_EDGE('',*,*,#1734,.F.);
#1059=ORIENTED_EDGE('',*,*,#1735,.T.);
#1060=ORIENTED_EDGE('',*,*,#1736,.F.);
#1061=ORIENTED_EDGE('',*,*,#1602,.F.);
#1062=ORIENTED_EDGE('',*,*,#1737,.T.);
#1063=ORIENTED_EDGE('',*,*,#1738,.T.);
#1064=ORIENTED_EDGE('',*,*,#1739,.F.);
#1065=ORIENTED_EDGE('',*,*,#1735,.F.);
#1066=ORIENTED_EDGE('',*,*,#1740,.F.);
#1067=ORIENTED_EDGE('',*,*,#1741,.T.);
#1068=ORIENTED_EDGE('',*,*,#1599,.F.);
#1069=ORIENTED_EDGE('',*,*,#1742,.T.);
#1070=ORIENTED_EDGE('',*,*,#1737,.F.);
#1071=ORIENTED_EDGE('',*,*,#1743,.T.);
#1072=ORIENTED_EDGE('',*,*,#1739,.T.);
#1073=ORIENTED_EDGE('',*,*,#1744,.T.);
#1074=ORIENTED_EDGE('',*,*,#1597,.T.);
#1075=ORIENTED_EDGE('',*,*,#1736,.T.);
#1076=ORIENTED_EDGE('',*,*,#1601,.F.);
#1077=ORIENTED_EDGE('',*,*,#1745,.T.);
#1078=ORIENTED_EDGE('',*,*,#1740,.T.);
#1079=ORIENTED_EDGE('',*,*,#1734,.T.);
#1080=ORIENTED_EDGE('',*,*,#1738,.F.);
#1081=ORIENTED_EDGE('',*,*,#1742,.F.);
#1082=ORIENTED_EDGE('',*,*,#1598,.F.);
#1083=ORIENTED_EDGE('',*,*,#1744,.F.);
#1084=ORIENTED_EDGE('',*,*,#1600,.F.);
#1085=ORIENTED_EDGE('',*,*,#1743,.F.);
#1086=ORIENTED_EDGE('',*,*,#1741,.F.);
#1087=ORIENTED_EDGE('',*,*,#1745,.F.);
#1088=ORIENTED_EDGE('',*,*,#1746,.F.);
#1089=ORIENTED_EDGE('',*,*,#1747,.T.);
#1090=ORIENTED_EDGE('',*,*,#1748,.F.);
#1091=ORIENTED_EDGE('',*,*,#1596,.F.);
#1092=ORIENTED_EDGE('',*,*,#1749,.F.);
#1093=ORIENTED_EDGE('',*,*,#1750,.T.);
#1094=ORIENTED_EDGE('',*,*,#1751,.T.);
#1095=ORIENTED_EDGE('',*,*,#1747,.F.);
#1096=ORIENTED_EDGE('',*,*,#1752,.F.);
#1097=ORIENTED_EDGE('',*,*,#1753,.T.);
#1098=ORIENTED_EDGE('',*,*,#1593,.T.);
#1099=ORIENTED_EDGE('',*,*,#1754,.T.);
#1100=ORIENTED_EDGE('',*,*,#1749,.T.);
#1101=ORIENTED_EDGE('',*,*,#1755,.T.);
#1102=ORIENTED_EDGE('',*,*,#1751,.F.);
#1103=ORIENTED_EDGE('',*,*,#1756,.T.);
#1104=ORIENTED_EDGE('',*,*,#1591,.T.);
#1105=ORIENTED_EDGE('',*,*,#1748,.T.);
#1106=ORIENTED_EDGE('',*,*,#1595,.F.);
#1107=ORIENTED_EDGE('',*,*,#1757,.T.);
#1108=ORIENTED_EDGE('',*,*,#1752,.T.);
#1109=ORIENTED_EDGE('',*,*,#1746,.T.);
#1110=ORIENTED_EDGE('',*,*,#1592,.F.);
#1111=ORIENTED_EDGE('',*,*,#1756,.F.);
#1112=ORIENTED_EDGE('',*,*,#1750,.F.);
#1113=ORIENTED_EDGE('',*,*,#1754,.F.);
#1114=ORIENTED_EDGE('',*,*,#1753,.F.);
#1115=ORIENTED_EDGE('',*,*,#1757,.F.);
#1116=ORIENTED_EDGE('',*,*,#1594,.F.);
#1117=ORIENTED_EDGE('',*,*,#1755,.F.);
#1118=ORIENTED_EDGE('',*,*,#1758,.T.);
#1119=ORIENTED_EDGE('',*,*,#1759,.T.);
#1120=ORIENTED_EDGE('',*,*,#1760,.T.);
#1121=ORIENTED_EDGE('',*,*,#1761,.T.);
#1122=ORIENTED_EDGE('',*,*,#1762,.T.);
#1123=ORIENTED_EDGE('',*,*,#1505,.F.);
#1124=ORIENTED_EDGE('',*,*,#1570,.F.);
#1125=ORIENTED_EDGE('',*,*,#1560,.F.);
#1126=ORIENTED_EDGE('',*,*,#1763,.T.);
#1127=ORIENTED_EDGE('',*,*,#1764,.T.);
#1128=ORIENTED_EDGE('',*,*,#1765,.T.);
#1129=ORIENTED_EDGE('',*,*,#1563,.F.);
#1130=ORIENTED_EDGE('',*,*,#1572,.F.);
#1131=ORIENTED_EDGE('',*,*,#1512,.F.);
#1132=ORIENTED_EDGE('',*,*,#1766,.T.);
#1133=ORIENTED_EDGE('',*,*,#1767,.T.);
#1134=ORIENTED_EDGE('',*,*,#1526,.T.);
#1135=ORIENTED_EDGE('',*,*,#1768,.T.);
#1136=ORIENTED_EDGE('',*,*,#1769,.T.);
#1137=ORIENTED_EDGE('',*,*,#1770,.T.);
#1138=ORIENTED_EDGE('',*,*,#1617,.F.);
#1139=ORIENTED_EDGE('',*,*,#1771,.T.);
#1140=ORIENTED_EDGE('',*,*,#1772,.T.);
#1141=ORIENTED_EDGE('',*,*,#1554,.T.);
#1142=ORIENTED_EDGE('',*,*,#1773,.T.);
#1143=ORIENTED_EDGE('',*,*,#1590,.T.);
#1144=ORIENTED_EDGE('',*,*,#1774,.T.);
#1145=ORIENTED_EDGE('',*,*,#1775,.T.);
#1146=ORIENTED_EDGE('',*,*,#1589,.T.);
#1147=ORIENTED_EDGE('',*,*,#1776,.T.);
#1148=ORIENTED_EDGE('',*,*,#1777,.T.);
#1149=ORIENTED_EDGE('',*,*,#1588,.T.);
#1150=ORIENTED_EDGE('',*,*,#1778,.T.);
#1151=ORIENTED_EDGE('',*,*,#1777,.F.);
#1152=ORIENTED_EDGE('',*,*,#1778,.F.);
#1153=ORIENTED_EDGE('',*,*,#1776,.F.);
#1154=ORIENTED_EDGE('',*,*,#1775,.F.);
#1155=ORIENTED_EDGE('',*,*,#1774,.F.);
#1156=ORIENTED_EDGE('',*,*,#1773,.F.);
#1157=ORIENTED_EDGE('',*,*,#1696,.T.);
#1158=ORIENTED_EDGE('',*,*,#1693,.T.);
#1159=ORIENTED_EDGE('',*,*,#1501,.T.);
#1160=ORIENTED_EDGE('',*,*,#1699,.T.);
#1161=ORIENTED_EDGE('',*,*,#1573,.T.);
#1162=ORIENTED_EDGE('',*,*,#1662,.F.);
#1163=ORIENTED_EDGE('',*,*,#1564,.F.);
#1164=ORIENTED_EDGE('',*,*,#1765,.F.);
#1165=ORIENTED_EDGE('',*,*,#1523,.F.);
#1166=ORIENTED_EDGE('',*,*,#1569,.F.);
#1167=ORIENTED_EDGE('',*,*,#1517,.F.);
#1168=ORIENTED_EDGE('',*,*,#1758,.F.);
#1169=ORIENTED_EDGE('',*,*,#1559,.F.);
#1170=ORIENTED_EDGE('',*,*,#1567,.F.);
#1171=ORIENTED_EDGE('',*,*,#1620,.F.);
#1172=ORIENTED_EDGE('',*,*,#1690,.F.);
#1173=ORIENTED_EDGE('',*,*,#1695,.F.);
#1174=ORIENTED_EDGE('',*,*,#1704,.F.);
#1175=ORIENTED_EDGE('',*,*,#1540,.F.);
#1176=ORIENTED_EDGE('',*,*,#1657,.F.);
#1177=ORIENTED_EDGE('',*,*,#1779,.F.);
#1178=ORIENTED_EDGE('',*,*,#1527,.F.);
#1179=ORIENTED_EDGE('',*,*,#1511,.F.);
#1180=ORIENTED_EDGE('',*,*,#1528,.F.);
#1181=ORIENTED_EDGE('',*,*,#1780,.F.);
#1182=ORIENTED_EDGE('',*,*,#1766,.F.);
#1183=ORIENTED_EDGE('',*,*,#1780,.T.);
#1184=ORIENTED_EDGE('',*,*,#1779,.T.);
#1185=ORIENTED_EDGE('',*,*,#1781,.F.);
#1186=ORIENTED_EDGE('',*,*,#1524,.F.);
#1187=ORIENTED_EDGE('',*,*,#1764,.F.);
#1188=ORIENTED_EDGE('',*,*,#1782,.F.);
#1189=ORIENTED_EDGE('',*,*,#1525,.F.);
#1190=ORIENTED_EDGE('',*,*,#1781,.T.);
#1191=ORIENTED_EDGE('',*,*,#1656,.F.);
#1192=ORIENTED_EDGE('',*,*,#1783,.F.);
#1193=ORIENTED_EDGE('',*,*,#1767,.F.);
#1194=ORIENTED_EDGE('',*,*,#1782,.T.);
#1195=ORIENTED_EDGE('',*,*,#1763,.F.);
#1196=ORIENTED_EDGE('',*,*,#1784,.F.);
#1197=ORIENTED_EDGE('',*,*,#1768,.F.);
#1198=ORIENTED_EDGE('',*,*,#1783,.T.);
#1199=ORIENTED_EDGE('',*,*,#1655,.T.);
#1200=ORIENTED_EDGE('',*,*,#1785,.F.);
#1201=ORIENTED_EDGE('',*,*,#1784,.T.);
#1202=ORIENTED_EDGE('',*,*,#1516,.T.);
#1203=ORIENTED_EDGE('',*,*,#1515,.T.);
#1204=ORIENTED_EDGE('',*,*,#1786,.F.);
#1205=ORIENTED_EDGE('',*,*,#1759,.F.);
#1206=ORIENTED_EDGE('',*,*,#1785,.T.);
#1207=ORIENTED_EDGE('',*,*,#1654,.F.);
#1208=ORIENTED_EDGE('',*,*,#1787,.F.);
#1209=ORIENTED_EDGE('',*,*,#1769,.F.);
#1210=ORIENTED_EDGE('',*,*,#1786,.T.);
#1211=ORIENTED_EDGE('',*,*,#1770,.F.);
#1212=ORIENTED_EDGE('',*,*,#1788,.F.);
#1213=ORIENTED_EDGE('',*,*,#1760,.F.);
#1214=ORIENTED_EDGE('',*,*,#1787,.T.);
#1215=ORIENTED_EDGE('',*,*,#1653,.T.);
#1216=ORIENTED_EDGE('',*,*,#1789,.F.);
#1217=ORIENTED_EDGE('',*,*,#1788,.T.);
#1218=ORIENTED_EDGE('',*,*,#1615,.F.);
#1219=ORIENTED_EDGE('',*,*,#1703,.F.);
#1220=ORIENTED_EDGE('',*,*,#1790,.F.);
#1221=ORIENTED_EDGE('',*,*,#1616,.F.);
#1222=ORIENTED_EDGE('',*,*,#1789,.T.);
#1223=ORIENTED_EDGE('',*,*,#1652,.F.);
#1224=ORIENTED_EDGE('',*,*,#1791,.F.);
#1225=ORIENTED_EDGE('',*,*,#1761,.F.);
#1226=ORIENTED_EDGE('',*,*,#1506,.F.);
#1227=ORIENTED_EDGE('',*,*,#1762,.F.);
#1228=ORIENTED_EDGE('',*,*,#1792,.F.);
#1229=ORIENTED_EDGE('',*,*,#1530,.F.);
#1230=ORIENTED_EDGE('',*,*,#1790,.T.);
#1231=ORIENTED_EDGE('',*,*,#1702,.F.);
#1232=ORIENTED_EDGE('',*,*,#1793,.F.);
#1233=ORIENTED_EDGE('',*,*,#1771,.F.);
#1234=ORIENTED_EDGE('',*,*,#1555,.F.);
#1235=ORIENTED_EDGE('',*,*,#1772,.F.);
#1236=ORIENTED_EDGE('',*,*,#1794,.F.);
#1237=ORIENTED_EDGE('',*,*,#1625,.F.);
#1238=ORIENTED_EDGE('',*,*,#1792,.T.);
#1239=ORIENTED_EDGE('',*,*,#1791,.T.);
#1240=ORIENTED_EDGE('',*,*,#1795,.F.);
#1241=ORIENTED_EDGE('',*,*,#1794,.T.);
#1242=ORIENTED_EDGE('',*,*,#1793,.T.);
#1243=ORIENTED_EDGE('',*,*,#1796,.F.);
#1244=ORIENTED_EDGE('',*,*,#1626,.T.);
#1245=ORIENTED_EDGE('',*,*,#1795,.T.);
#1246=ORIENTED_EDGE('',*,*,#1651,.F.);
#1247=ORIENTED_EDGE('',*,*,#1797,.F.);
#1248=ORIENTED_EDGE('',*,*,#1531,.F.);
#1249=ORIENTED_EDGE('',*,*,#1644,.F.);
#1250=ORIENTED_EDGE('',*,*,#1534,.F.);
#1251=ORIENTED_EDGE('',*,*,#1798,.F.);
#1252=ORIENTED_EDGE('',*,*,#1705,.F.);
#1253=ORIENTED_EDGE('',*,*,#1796,.T.);
#1254=ORIENTED_EDGE('',*,*,#1706,.F.);
#1255=ORIENTED_EDGE('',*,*,#1799,.F.);
#1256=ORIENTED_EDGE('',*,*,#1627,.F.);
#1257=ORIENTED_EDGE('',*,*,#1538,.F.);
#1258=ORIENTED_EDGE('',*,*,#1630,.F.);
#1259=ORIENTED_EDGE('',*,*,#1800,.F.);
#1260=ORIENTED_EDGE('',*,*,#1649,.F.);
#1261=ORIENTED_EDGE('',*,*,#1801,.T.);
#1262=ORIENTED_EDGE('',*,*,#1650,.F.);
#1263=ORIENTED_EDGE('',*,*,#1802,.F.);
#1264=ORIENTED_EDGE('',*,*,#1661,.F.);
#1265=ORIENTED_EDGE('',*,*,#1797,.T.);
#1266=ORIENTED_EDGE('',*,*,#1801,.F.);
#1267=ORIENTED_EDGE('',*,*,#1803,.T.);
#1268=ORIENTED_EDGE('',*,*,#1799,.T.);
#1269=ORIENTED_EDGE('',*,*,#1798,.T.);
#1270=ORIENTED_EDGE('',*,*,#1804,.F.);
#1271=ORIENTED_EDGE('',*,*,#1802,.T.);
#1272=ORIENTED_EDGE('',*,*,#1800,.T.);
#1273=ORIENTED_EDGE('',*,*,#1805,.F.);
#1274=ORIENTED_EDGE('',*,*,#1803,.F.);
#1275=ORIENTED_EDGE('',*,*,#1660,.F.);
#1276=ORIENTED_EDGE('',*,*,#1806,.F.);
#1277=ORIENTED_EDGE('',*,*,#1532,.F.);
#1278=ORIENTED_EDGE('',*,*,#1804,.T.);
#1279=ORIENTED_EDGE('',*,*,#1533,.F.);
#1280=ORIENTED_EDGE('',*,*,#1807,.F.);
#1281=ORIENTED_EDGE('',*,*,#1628,.F.);
#1282=ORIENTED_EDGE('',*,*,#1557,.F.);
#1283=ORIENTED_EDGE('',*,*,#1624,.F.);
#1284=ORIENTED_EDGE('',*,*,#1808,.F.);
#1285=ORIENTED_EDGE('',*,*,#1631,.F.);
#1286=ORIENTED_EDGE('',*,*,#1805,.T.);
#1287=ORIENTED_EDGE('',*,*,#1629,.F.);
#1288=ORIENTED_EDGE('',*,*,#1809,.F.);
#1289=ORIENTED_EDGE('',*,*,#1658,.F.);
#1290=ORIENTED_EDGE('',*,*,#1807,.T.);
#1291=ORIENTED_EDGE('',*,*,#1806,.T.);
#1292=ORIENTED_EDGE('',*,*,#1810,.F.);
#1293=ORIENTED_EDGE('',*,*,#1809,.T.);
#1294=ORIENTED_EDGE('',*,*,#1808,.T.);
#1295=ORIENTED_EDGE('',*,*,#1811,.F.);
#1296=ORIENTED_EDGE('',*,*,#1810,.T.);
#1297=ORIENTED_EDGE('',*,*,#1659,.F.);
#1298=ORIENTED_EDGE('',*,*,#1811,.T.);
#1299=ORIENTED_EDGE('',*,*,#1623,.F.);
#1300=VERTEX_POINT('',#3128);
#1301=VERTEX_POINT('',#3129);
#1302=VERTEX_POINT('',#3131);
#1303=VERTEX_POINT('',#3133);
#1304=VERTEX_POINT('',#3137);
#1305=VERTEX_POINT('',#3138);
#1306=VERTEX_POINT('',#3140);
#1307=VERTEX_POINT('',#3142);
#1308=VERTEX_POINT('',#3144);
#1309=VERTEX_POINT('',#3148);
#1310=VERTEX_POINT('',#3149);
#1311=VERTEX_POINT('',#3151);
#1312=VERTEX_POINT('',#3153);
#1313=VERTEX_POINT('',#3155);
#1314=VERTEX_POINT('',#3159);
#1315=VERTEX_POINT('',#3160);
#1316=VERTEX_POINT('',#3162);
#1317=VERTEX_POINT('',#3164);
#1318=VERTEX_POINT('',#3166);
#1319=VERTEX_POINT('',#3168);
#1320=VERTEX_POINT('',#3170);
#1321=VERTEX_POINT('',#3172);
#1322=VERTEX_POINT('',#3174);
#1323=VERTEX_POINT('',#3176);
#1324=VERTEX_POINT('',#3178);
#1325=VERTEX_POINT('',#3180);
#1326=VERTEX_POINT('',#3184);
#1327=VERTEX_POINT('',#3185);
#1328=VERTEX_POINT('',#3190);
#1329=VERTEX_POINT('',#3192);
#1330=VERTEX_POINT('',#3194);
#1331=VERTEX_POINT('',#3196);
#1332=VERTEX_POINT('',#3198);
#1333=VERTEX_POINT('',#3200);
#1334=VERTEX_POINT('',#3204);
#1335=VERTEX_POINT('',#3205);
#1336=VERTEX_POINT('',#3207);
#1337=VERTEX_POINT('',#3209);
#1338=VERTEX_POINT('',#3212);
#1339=VERTEX_POINT('',#3214);
#1340=VERTEX_POINT('',#3217);
#1341=VERTEX_POINT('',#3219);
#1342=VERTEX_POINT('',#3221);
#1343=VERTEX_POINT('',#3223);
#1344=VERTEX_POINT('',#3225);
#1345=VERTEX_POINT('',#3227);
#1346=VERTEX_POINT('',#3229);
#1347=VERTEX_POINT('',#3231);
#1348=VERTEX_POINT('',#3233);
#1349=VERTEX_POINT('',#3235);
#1350=VERTEX_POINT('',#3237);
#1351=VERTEX_POINT('',#3239);
#1352=VERTEX_POINT('',#3241);
#1353=VERTEX_POINT('',#3245);
#1354=VERTEX_POINT('',#3246);
#1355=VERTEX_POINT('',#3248);
#1356=VERTEX_POINT('',#3250);
#1357=VERTEX_POINT('',#3252);
#1358=VERTEX_POINT('',#3256);
#1359=VERTEX_POINT('',#3257);
#1360=VERTEX_POINT('',#3259);
#1361=VERTEX_POINT('',#3274);
#1362=VERTEX_POINT('',#3276);
#1363=VERTEX_POINT('',#3277);
#1364=VERTEX_POINT('',#3279);
#1365=VERTEX_POINT('',#3281);
#1366=VERTEX_POINT('',#3283);
#1367=VERTEX_POINT('',#3285);
#1368=VERTEX_POINT('',#3287);
#1369=VERTEX_POINT('',#3289);
#1370=VERTEX_POINT('',#3291);
#1371=VERTEX_POINT('',#3293);
#1372=VERTEX_POINT('',#3295);
#1373=VERTEX_POINT('',#3297);
#1374=VERTEX_POINT('',#3299);
#1375=VERTEX_POINT('',#3303);
#1376=VERTEX_POINT('',#3305);
#1377=VERTEX_POINT('',#3307);
#1378=VERTEX_POINT('',#3309);
#1379=VERTEX_POINT('',#3310);
#1380=VERTEX_POINT('',#3312);
#1381=VERTEX_POINT('',#3314);
#1382=VERTEX_POINT('',#3316);
#1383=VERTEX_POINT('',#3318);
#1384=VERTEX_POINT('',#3321);
#1385=VERTEX_POINT('',#3322);
#1386=VERTEX_POINT('',#3324);
#1387=VERTEX_POINT('',#3326);
#1388=VERTEX_POINT('',#3328);
#1389=VERTEX_POINT('',#3330);
#1390=VERTEX_POINT('',#3333);
#1391=VERTEX_POINT('',#3334);
#1392=VERTEX_POINT('',#3336);
#1393=VERTEX_POINT('',#3338);
#1394=VERTEX_POINT('',#3340);
#1395=VERTEX_POINT('',#3342);
#1396=VERTEX_POINT('',#3345);
#1397=VERTEX_POINT('',#3346);
#1398=VERTEX_POINT('',#3348);
#1399=VERTEX_POINT('',#3350);
#1400=VERTEX_POINT('',#3352);
#1401=VERTEX_POINT('',#3354);
#1402=VERTEX_POINT('',#3358);
#1403=VERTEX_POINT('',#3359);
#1404=VERTEX_POINT('',#3361);
#1405=VERTEX_POINT('',#3365);
#1406=VERTEX_POINT('',#3372);
#1407=VERTEX_POINT('',#3373);
#1408=VERTEX_POINT('',#3376);
#1409=VERTEX_POINT('',#3378);
#1410=VERTEX_POINT('',#3380);
#1411=VERTEX_POINT('',#3384);
#1412=VERTEX_POINT('',#3385);
#1413=VERTEX_POINT('',#3389);
#1414=VERTEX_POINT('',#3390);
#1415=VERTEX_POINT('',#3392);
#1416=VERTEX_POINT('',#3394);
#1417=VERTEX_POINT('',#3397);
#1418=VERTEX_POINT('',#3398);
#1419=VERTEX_POINT('',#3400);
#1420=VERTEX_POINT('',#3402);
#1421=VERTEX_POINT('',#3405);
#1422=VERTEX_POINT('',#3406);
#1423=VERTEX_POINT('',#3408);
#1424=VERTEX_POINT('',#3410);
#1425=VERTEX_POINT('',#3414);
#1426=VERTEX_POINT('',#3416);
#1427=VERTEX_POINT('',#3423);
#1428=VERTEX_POINT('',#3425);
#1429=VERTEX_POINT('',#3427);
#1430=VERTEX_POINT('',#3429);
#1431=VERTEX_POINT('',#3431);
#1432=VERTEX_POINT('',#3433);
#1433=VERTEX_POINT('',#3435);
#1434=VERTEX_POINT('',#3437);
#1435=VERTEX_POINT('',#3441);
#1436=VERTEX_POINT('',#3442);
#1437=VERTEX_POINT('',#3444);
#1438=VERTEX_POINT('',#3446);
#1439=VERTEX_POINT('',#3449);
#1440=VERTEX_POINT('',#3452);
#1441=VERTEX_POINT('',#3454);
#1442=VERTEX_POINT('',#3458);
#1443=VERTEX_POINT('',#3462);
#1444=VERTEX_POINT('',#3466);
#1445=VERTEX_POINT('',#3468);
#1446=VERTEX_POINT('',#3472);
#1447=VERTEX_POINT('',#3476);
#1448=VERTEX_POINT('',#3480);
#1449=VERTEX_POINT('',#3482);
#1450=VERTEX_POINT('',#3486);
#1451=VERTEX_POINT('',#3490);
#1452=VERTEX_POINT('',#3506);
#1453=VERTEX_POINT('',#3507);
#1454=VERTEX_POINT('',#3510);
#1455=VERTEX_POINT('',#3515);
#1456=VERTEX_POINT('',#3516);
#1457=VERTEX_POINT('',#3519);
#1458=VERTEX_POINT('',#3525);
#1459=VERTEX_POINT('',#3529);
#1460=VERTEX_POINT('',#3530);
#1461=VERTEX_POINT('',#3534);
#1462=VERTEX_POINT('',#3546);
#1463=VERTEX_POINT('',#3547);
#1464=VERTEX_POINT('',#3552);
#1465=VERTEX_POINT('',#3554);
#1466=VERTEX_POINT('',#3558);
#1467=VERTEX_POINT('',#3561);
#1468=VERTEX_POINT('',#3571);
#1469=VERTEX_POINT('',#3572);
#1470=VERTEX_POINT('',#3577);
#1471=VERTEX_POINT('',#3579);
#1472=VERTEX_POINT('',#3581);
#1473=VERTEX_POINT('',#3583);
#1474=VERTEX_POINT('',#3596);
#1475=VERTEX_POINT('',#3598);
#1476=VERTEX_POINT('',#3602);
#1477=VERTEX_POINT('',#3603);
#1478=VERTEX_POINT('',#3605);
#1479=VERTEX_POINT('',#3608);
#1480=VERTEX_POINT('',#3621);
#1481=VERTEX_POINT('',#3623);
#1482=VERTEX_POINT('',#3627);
#1483=VERTEX_POINT('',#3628);
#1484=VERTEX_POINT('',#3630);
#1485=VERTEX_POINT('',#3633);
#1486=VERTEX_POINT('',#3647);
#1487=VERTEX_POINT('',#3649);
#1488=VERTEX_POINT('',#3651);
#1489=VERTEX_POINT('',#3655);
#1490=VERTEX_POINT('',#3656);
#1491=VERTEX_POINT('',#3660);
#1492=VERTEX_POINT('',#3664);
#1493=VERTEX_POINT('',#3666);
#1494=VERTEX_POINT('',#3670);
#1495=VERTEX_POINT('',#3674);
#1496=VERTEX_POINT('',#3677);
#1497=VERTEX_POINT('',#3680);
#1498=VERTEX_POINT('',#3683);
#1499=VERTEX_POINT('',#3686);
#1500=VERTEX_POINT('',#3689);
#1501=EDGE_CURVE('',#1300,#1301,#1812,.T.);
#1502=EDGE_CURVE('',#1300,#1302,#1813,.T.);
#1503=EDGE_CURVE('',#1302,#1303,#1814,.T.);
#1504=EDGE_CURVE('',#1301,#1303,#1815,.T.);
#1505=EDGE_CURVE('',#1304,#1305,#1816,.T.);
#1506=EDGE_CURVE('',#1305,#1306,#125,.T.);
#1507=EDGE_CURVE('',#1306,#1307,#1817,.T.);
#1508=EDGE_CURVE('',#1307,#1308,#1818,.T.);
#1509=EDGE_CURVE('',#1308,#1304,#1819,.T.);
#1510=EDGE_CURVE('',#1309,#1310,#1820,.T.);
#1511=EDGE_CURVE('',#1310,#1311,#126,.T.);
#1512=EDGE_CURVE('',#1311,#1312,#1821,.T.);
#1513=EDGE_CURVE('',#1312,#1313,#1822,.T.);
#1514=EDGE_CURVE('',#1309,#1313,#1823,.T.);
#1515=EDGE_CURVE('',#1314,#1315,#1824,.T.);
#1516=EDGE_CURVE('',#1316,#1314,#1825,.T.);
#1517=EDGE_CURVE('',#1316,#1317,#127,.T.);
#1518=EDGE_CURVE('',#1318,#1317,#1826,.T.);
#1519=EDGE_CURVE('',#1318,#1319,#1827,.T.);
#1520=EDGE_CURVE('',#1319,#1320,#1828,.T.);
#1521=EDGE_CURVE('',#1321,#1320,#1829,.T.);
#1522=EDGE_CURVE('',#1322,#1321,#1830,.T.);
#1523=EDGE_CURVE('',#1322,#1323,#128,.T.);
#1524=EDGE_CURVE('',#1323,#1324,#1831,.T.);
#1525=EDGE_CURVE('',#1324,#1325,#1832,.T.);
#1526=EDGE_CURVE('',#1315,#1325,#1833,.T.);
#1527=EDGE_CURVE('',#1326,#1327,#1834,.T.);
#1528=EDGE_CURVE('',#1327,#1310,#1835,.T.);
#1529=EDGE_CURVE('',#1309,#1326,#1836,.T.);
#1530=EDGE_CURVE('',#1306,#1328,#1837,.T.);
#1531=EDGE_CURVE('',#1328,#1329,#1838,.T.);
#1532=EDGE_CURVE('',#1329,#1330,#1839,.T.);
#1533=EDGE_CURVE('',#1330,#1331,#1840,.T.);
#1534=EDGE_CURVE('',#1331,#1332,#1841,.T.);
#1535=EDGE_CURVE('',#1333,#1332,#1842,.T.);
#1536=EDGE_CURVE('',#1307,#1333,#1843,.T.);
#1537=EDGE_CURVE('',#1334,#1335,#1844,.T.);
#1538=EDGE_CURVE('',#1335,#1336,#129,.T.);
#1539=EDGE_CURVE('',#1337,#1336,#1845,.T.);
#1540=EDGE_CURVE('',#1337,#1326,#130,.T.);
#1541=EDGE_CURVE('',#1313,#1338,#1846,.T.);
#1542=EDGE_CURVE('',#1338,#1339,#1847,.T.);
#1543=EDGE_CURVE('',#1339,#1321,#1848,.T.);
#1544=EDGE_CURVE('',#1320,#1340,#1849,.T.);
#1545=EDGE_CURVE('',#1340,#1341,#1850,.T.);
#1546=EDGE_CURVE('',#1341,#1342,#1851,.T.);
#1547=EDGE_CURVE('',#1342,#1343,#1852,.T.);
#1548=EDGE_CURVE('',#1343,#1344,#1853,.T.);
#1549=EDGE_CURVE('',#1345,#1344,#1854,.T.);
#1550=EDGE_CURVE('',#1345,#1346,#1855,.T.);
#1551=EDGE_CURVE('',#1346,#1347,#1856,.T.);
#1552=EDGE_CURVE('',#1347,#1348,#1857,.T.);
#1553=EDGE_CURVE('',#1349,#1348,#1858,.T.);
#1554=EDGE_CURVE('',#1350,#1349,#1859,.T.);
#1555=EDGE_CURVE('',#1350,#1351,#131,.T.);
#1556=EDGE_CURVE('',#1351,#1352,#1860,.T.);
#1557=EDGE_CURVE('',#1352,#1334,#132,.T.);
#1558=EDGE_CURVE('',#1353,#1354,#1861,.T.);
#1559=EDGE_CURVE('',#1354,#1355,#133,.T.);
#1560=EDGE_CURVE('',#1355,#1356,#1862,.T.);
#1561=EDGE_CURVE('',#1357,#1356,#1863,.T.);
#1562=EDGE_CURVE('',#1357,#1353,#1864,.T.);
#1563=EDGE_CURVE('',#1358,#1359,#1865,.T.);
#1564=EDGE_CURVE('',#1359,#1360,#134,.T.);
#1565=EDGE_CURVE('',#1360,#1339,#1866,.T.);
#1566=EDGE_CURVE('',#1358,#1338,#1867,.T.);
#1567=EDGE_CURVE('',#1317,#1354,#1868,.T.);
#1568=EDGE_CURVE('',#1353,#1318,#1869,.T.);
#1569=EDGE_CURVE('',#1360,#1322,#1870,.T.);
#1570=EDGE_CURVE('',#1356,#1304,#1871,.T.);
#1571=EDGE_CURVE('',#1308,#1357,#1872,.T.);
#1572=EDGE_CURVE('',#1312,#1358,#1873,.T.);
#1573=EDGE_CURVE('',#1361,#1361,#135,.T.);
#1574=EDGE_CURVE('',#1362,#1363,#1874,.T.);
#1575=EDGE_CURVE('',#1362,#1364,#1875,.T.);
#1576=EDGE_CURVE('',#1365,#1364,#1876,.T.);
#1577=EDGE_CURVE('',#1365,#1366,#1877,.T.);
#1578=EDGE_CURVE('',#1367,#1366,#1878,.T.);
#1579=EDGE_CURVE('',#1368,#1367,#1879,.T.);
#1580=EDGE_CURVE('',#1369,#1368,#1880,.T.);
#1581=EDGE_CURVE('',#1369,#1370,#1881,.T.);
#1582=EDGE_CURVE('',#1371,#1370,#1882,.T.);
#1583=EDGE_CURVE('',#1372,#1371,#1883,.T.);
#1584=EDGE_CURVE('',#1373,#1372,#1884,.T.);
#1585=EDGE_CURVE('',#1374,#1373,#1885,.T.);
#1586=EDGE_CURVE('',#1319,#1374,#1886,.T.);
#1587=EDGE_CURVE('',#1333,#1363,#1887,.T.);
#1588=EDGE_CURVE('',#1375,#1375,#136,.T.);
#1589=EDGE_CURVE('',#1376,#1376,#137,.T.);
#1590=EDGE_CURVE('',#1377,#1377,#138,.T.);
#1591=EDGE_CURVE('',#1378,#1379,#1888,.T.);
#1592=EDGE_CURVE('',#1378,#1380,#139,.T.);
#1593=EDGE_CURVE('',#1381,#1380,#140,.T.);
#1594=EDGE_CURVE('',#1381,#1382,#141,.T.);
#1595=EDGE_CURVE('',#1382,#1383,#1889,.T.);
#1596=EDGE_CURVE('',#1383,#1379,#1890,.T.);
#1597=EDGE_CURVE('',#1384,#1385,#1891,.T.);
#1598=EDGE_CURVE('',#1384,#1386,#142,.T.);
#1599=EDGE_CURVE('',#1386,#1387,#143,.T.);
#1600=EDGE_CURVE('',#1387,#1388,#144,.T.);
#1601=EDGE_CURVE('',#1388,#1389,#1892,.T.);
#1602=EDGE_CURVE('',#1389,#1385,#1893,.T.);
#1603=EDGE_CURVE('',#1390,#1391,#145,.T.);
#1604=EDGE_CURVE('',#1391,#1392,#1894,.T.);
#1605=EDGE_CURVE('',#1392,#1393,#1895,.T.);
#1606=EDGE_CURVE('',#1393,#1394,#1896,.T.);
#1607=EDGE_CURVE('',#1394,#1395,#146,.T.);
#1608=EDGE_CURVE('',#1395,#1390,#147,.T.);
#1609=EDGE_CURVE('',#1396,#1397,#148,.T.);
#1610=EDGE_CURVE('',#1397,#1398,#1897,.T.);
#1611=EDGE_CURVE('',#1398,#1399,#1898,.T.);
#1612=EDGE_CURVE('',#1400,#1399,#1899,.T.);
#1613=EDGE_CURVE('',#1400,#1401,#149,.T.);
#1614=EDGE_CURVE('',#1401,#1396,#150,.T.);
#1615=EDGE_CURVE('',#1402,#1403,#1900,.T.);
#1616=EDGE_CURVE('',#1403,#1404,#1901,.T.);
#1617=EDGE_CURVE('',#1404,#1349,#1902,.T.);
#1618=EDGE_CURVE('',#1366,#1348,#1903,.T.);
#1619=EDGE_CURVE('',#1365,#1405,#1904,.T.);
#1620=EDGE_CURVE('',#1405,#1402,#151,.T.);
#1621=EDGE_CURVE('',#1369,#1345,#1905,.T.);
#1622=EDGE_CURVE('',#1370,#1344,#1906,.T.);
#1623=EDGE_CURVE('',#1406,#1407,#1907,.T.);
#1624=EDGE_CURVE('',#1407,#1352,#1908,.T.);
#1625=EDGE_CURVE('',#1351,#1408,#1909,.T.);
#1626=EDGE_CURVE('',#1409,#1408,#152,.T.);
#1627=EDGE_CURVE('',#1409,#1410,#1910,.T.);
#1628=EDGE_CURVE('',#1410,#1406,#1911,.T.);
#1629=EDGE_CURVE('',#1411,#1412,#1912,.T.);
#1630=EDGE_CURVE('',#1412,#1335,#1913,.T.);
#1631=EDGE_CURVE('',#1334,#1411,#1914,.T.);
#1632=EDGE_CURVE('',#1413,#1414,#153,.T.);
#1633=EDGE_CURVE('',#1414,#1415,#1915,.T.);
#1634=EDGE_CURVE('',#1415,#1416,#154,.T.);
#1635=EDGE_CURVE('',#1416,#1413,#1916,.T.);
#1636=EDGE_CURVE('',#1417,#1418,#155,.T.);
#1637=EDGE_CURVE('',#1418,#1419,#1917,.T.);
#1638=EDGE_CURVE('',#1419,#1420,#156,.T.);
#1639=EDGE_CURVE('',#1420,#1417,#1918,.T.);
#1640=EDGE_CURVE('',#1421,#1422,#157,.T.);
#1641=EDGE_CURVE('',#1422,#1423,#1919,.T.);
#1642=EDGE_CURVE('',#1423,#1424,#158,.T.);
#1643=EDGE_CURVE('',#1424,#1421,#1920,.T.);
#1644=EDGE_CURVE('',#1332,#1425,#159,.T.);
#1645=EDGE_CURVE('',#1426,#1425,#1921,.T.);
#1646=EDGE_CURVE('',#1363,#1426,#1922,.T.);
#1647=EDGE_CURVE('',#1372,#1342,#1923,.T.);
#1648=EDGE_CURVE('',#1343,#1371,#1924,.T.);
#1649=EDGE_CURVE('',#1336,#1427,#1925,.T.);
#1650=EDGE_CURVE('',#1427,#1428,#1926,.T.);
#1651=EDGE_CURVE('',#1428,#1429,#1927,.T.);
#1652=EDGE_CURVE('',#1429,#1430,#1928,.T.);
#1653=EDGE_CURVE('',#1431,#1430,#160,.T.);
#1654=EDGE_CURVE('',#1431,#1432,#1929,.T.);
#1655=EDGE_CURVE('',#1433,#1432,#161,.T.);
#1656=EDGE_CURVE('',#1433,#1434,#1930,.T.);
#1657=EDGE_CURVE('',#1434,#1337,#1931,.T.);
#1658=EDGE_CURVE('',#1435,#1436,#1932,.T.);
#1659=EDGE_CURVE('',#1436,#1437,#1933,.T.);
#1660=EDGE_CURVE('',#1437,#1438,#1934,.T.);
#1661=EDGE_CURVE('',#1438,#1435,#1935,.T.);
#1662=EDGE_CURVE('',#1439,#1439,#162,.T.);
#1663=EDGE_CURVE('',#1440,#1421,#1936,.T.);
#1664=EDGE_CURVE('',#1440,#1441,#163,.T.);
#1665=EDGE_CURVE('',#1441,#1422,#1937,.T.);
#1666=EDGE_CURVE('',#1441,#1442,#1938,.T.);
#1667=EDGE_CURVE('',#1442,#1423,#1939,.T.);
#1668=EDGE_CURVE('',#1442,#1443,#164,.T.);
#1669=EDGE_CURVE('',#1443,#1424,#1940,.T.);
#1670=EDGE_CURVE('',#1444,#1417,#1941,.T.);
#1671=EDGE_CURVE('',#1444,#1445,#165,.T.);
#1672=EDGE_CURVE('',#1445,#1418,#1942,.T.);
#1673=EDGE_CURVE('',#1445,#1446,#1943,.T.);
#1674=EDGE_CURVE('',#1446,#1419,#1944,.T.);
#1675=EDGE_CURVE('',#1446,#1447,#166,.T.);
#1676=EDGE_CURVE('',#1447,#1420,#1945,.T.);
#1677=EDGE_CURVE('',#1448,#1413,#1946,.T.);
#1678=EDGE_CURVE('',#1448,#1449,#167,.T.);
#1679=EDGE_CURVE('',#1449,#1414,#1947,.T.);
#1680=EDGE_CURVE('',#1449,#1450,#1948,.T.);
#1681=EDGE_CURVE('',#1450,#1415,#1949,.T.);
#1682=EDGE_CURVE('',#1450,#1451,#168,.T.);
#1683=EDGE_CURVE('',#1451,#1416,#1950,.T.);
#1684=EDGE_CURVE('',#1447,#1444,#1951,.T.);
#1685=EDGE_CURVE('',#1451,#1448,#1952,.T.);
#1686=EDGE_CURVE('',#1443,#1440,#1953,.T.);
#1687=EDGE_CURVE('',#1368,#1346,#1954,.T.);
#1688=EDGE_CURVE('',#1367,#1347,#1955,.T.);
#1689=EDGE_CURVE('',#1452,#1453,#1956,.T.);
#1690=EDGE_CURVE('',#1453,#1405,#1957,.T.);
#1691=EDGE_CURVE('',#1364,#1454,#1958,.T.);
#1692=EDGE_CURVE('',#1454,#1302,#1959,.T.);
#1693=EDGE_CURVE('',#1452,#1300,#1960,.T.);
#1694=EDGE_CURVE('',#1455,#1456,#1961,.T.);
#1695=EDGE_CURVE('',#1455,#1453,#169,.T.);
#1696=EDGE_CURVE('',#1457,#1452,#1962,.T.);
#1697=EDGE_CURVE('',#1457,#1456,#1963,.T.);
#1698=EDGE_CURVE('',#1456,#1426,#1964,.T.);
#1699=EDGE_CURVE('',#1301,#1457,#1965,.T.);
#1700=EDGE_CURVE('',#1303,#1458,#1966,.T.);
#1701=EDGE_CURVE('',#1362,#1458,#1967,.T.);
#1702=EDGE_CURVE('',#1459,#1460,#1968,.T.);
#1703=EDGE_CURVE('',#1460,#1402,#1969,.T.);
#1704=EDGE_CURVE('',#1402,#1455,#1970,.T.);
#1705=EDGE_CURVE('',#1425,#1461,#1971,.T.);
#1706=EDGE_CURVE('',#1461,#1459,#1972,.T.);
#1707=EDGE_CURVE('',#1374,#1340,#1973,.T.);
#1708=EDGE_CURVE('',#1373,#1341,#1974,.T.);
#1709=EDGE_CURVE('',#1458,#1454,#1975,.T.);
#1710=EDGE_CURVE('',#1462,#1463,#170,.T.);
#1711=EDGE_CURVE('',#1462,#1390,#1976,.T.);
#1712=EDGE_CURVE('',#1395,#1463,#1977,.T.);
#1713=EDGE_CURVE('',#1392,#1464,#1978,.T.);
#1714=EDGE_CURVE('',#1464,#1465,#1979,.T.);
#1715=EDGE_CURVE('',#1393,#1465,#1980,.T.);
#1716=EDGE_CURVE('',#1466,#1464,#1981,.T.);
#1717=EDGE_CURVE('',#1466,#1462,#171,.T.);
#1718=EDGE_CURVE('',#1463,#1467,#172,.T.);
#1719=EDGE_CURVE('',#1465,#1467,#1982,.T.);
#1720=EDGE_CURVE('',#1391,#1466,#1983,.T.);
#1721=EDGE_CURVE('',#1467,#1394,#1984,.T.);
#1722=EDGE_CURVE('',#1468,#1469,#1985,.T.);
#1723=EDGE_CURVE('',#1469,#1399,#1986,.T.);
#1724=EDGE_CURVE('',#1468,#1398,#1987,.T.);
#1725=EDGE_CURVE('',#1468,#1470,#1988,.T.);
#1726=EDGE_CURVE('',#1470,#1471,#173,.T.);
#1727=EDGE_CURVE('',#1471,#1472,#174,.T.);
#1728=EDGE_CURVE('',#1472,#1473,#175,.T.);
#1729=EDGE_CURVE('',#1469,#1473,#1989,.T.);
#1730=EDGE_CURVE('',#1471,#1396,#1990,.T.);
#1731=EDGE_CURVE('',#1401,#1472,#1991,.T.);
#1732=EDGE_CURVE('',#1397,#1470,#1992,.T.);
#1733=EDGE_CURVE('',#1473,#1400,#1993,.T.);
#1734=EDGE_CURVE('',#1474,#1389,#1994,.T.);
#1735=EDGE_CURVE('',#1474,#1475,#1995,.T.);
#1736=EDGE_CURVE('',#1385,#1475,#1996,.T.);
#1737=EDGE_CURVE('',#1476,#1477,#176,.T.);
#1738=EDGE_CURVE('',#1477,#1478,#177,.T.);
#1739=EDGE_CURVE('',#1475,#1478,#1997,.T.);
#1740=EDGE_CURVE('',#1479,#1474,#1998,.T.);
#1741=EDGE_CURVE('',#1479,#1476,#178,.T.);
#1742=EDGE_CURVE('',#1386,#1477,#1999,.T.);
#1743=EDGE_CURVE('',#1476,#1387,#2000,.T.);
#1744=EDGE_CURVE('',#1478,#1384,#2001,.T.);
#1745=EDGE_CURVE('',#1388,#1479,#2002,.T.);
#1746=EDGE_CURVE('',#1480,#1383,#2003,.T.);
#1747=EDGE_CURVE('',#1480,#1481,#2004,.T.);
#1748=EDGE_CURVE('',#1379,#1481,#2005,.T.);
#1749=EDGE_CURVE('',#1482,#1483,#179,.T.);
#1750=EDGE_CURVE('',#1482,#1484,#180,.T.);
#1751=EDGE_CURVE('',#1484,#1481,#2006,.T.);
#1752=EDGE_CURVE('',#1485,#1480,#2007,.T.);
#1753=EDGE_CURVE('',#1485,#1483,#181,.T.);
#1754=EDGE_CURVE('',#1380,#1482,#2008,.T.);
#1755=EDGE_CURVE('',#1483,#1381,#2009,.T.);
#1756=EDGE_CURVE('',#1484,#1378,#2010,.T.);
#1757=EDGE_CURVE('',#1382,#1485,#2011,.T.);
#1758=EDGE_CURVE('',#1355,#1316,#2012,.T.);
#1759=EDGE_CURVE('',#1316,#1486,#2013,.T.);
#1760=EDGE_CURVE('',#1486,#1487,#2014,.T.);
#1761=EDGE_CURVE('',#1487,#1488,#2015,.T.);
#1762=EDGE_CURVE('',#1488,#1305,#2016,.T.);
#1763=EDGE_CURVE('',#1489,#1490,#2017,.T.);
#1764=EDGE_CURVE('',#1490,#1323,#2018,.T.);
#1765=EDGE_CURVE('',#1323,#1359,#2019,.T.);
#1766=EDGE_CURVE('',#1311,#1491,#2020,.T.);
#1767=EDGE_CURVE('',#1491,#1489,#2021,.T.);
#1768=EDGE_CURVE('',#1325,#1492,#2022,.T.);
#1769=EDGE_CURVE('',#1492,#1493,#2023,.T.);
#1770=EDGE_CURVE('',#1493,#1315,#2024,.T.);
#1771=EDGE_CURVE('',#1404,#1494,#2025,.T.);
#1772=EDGE_CURVE('',#1494,#1350,#2026,.T.);
#1773=EDGE_CURVE('',#1495,#1495,#182,.T.);
#1774=EDGE_CURVE('',#1496,#1496,#183,.T.);
#1775=EDGE_CURVE('',#1497,#1497,#184,.T.);
#1776=EDGE_CURVE('',#1498,#1498,#185,.T.);
#1777=EDGE_CURVE('',#1499,#1499,#186,.T.);
#1778=EDGE_CURVE('',#1500,#1500,#187,.T.);
#1779=EDGE_CURVE('',#1327,#1434,#188,.T.);
#1780=EDGE_CURVE('',#1491,#1327,#189,.T.);
#1781=EDGE_CURVE('',#1491,#1434,#190,.T.);
#1782=EDGE_CURVE('',#1325,#1490,#191,.T.);
#1783=EDGE_CURVE('',#1489,#1433,#192,.T.);
#1784=EDGE_CURVE('',#1492,#1489,#193,.T.);
#1785=EDGE_CURVE('',#1492,#1432,#194,.T.);
#1786=EDGE_CURVE('',#1486,#1315,#195,.T.);
#1787=EDGE_CURVE('',#1493,#1431,#196,.T.);
#1788=EDGE_CURVE('',#1487,#1493,#197,.T.);
#1789=EDGE_CURVE('',#1487,#1430,#198,.T.);
#1790=EDGE_CURVE('',#1404,#1460,#199,.T.);
#1791=EDGE_CURVE('',#1488,#1429,#200,.T.);
#1792=EDGE_CURVE('',#1328,#1488,#201,.T.);
#1793=EDGE_CURVE('',#1494,#1459,#202,.T.);
#1794=EDGE_CURVE('',#1408,#1494,#203,.T.);
#1795=EDGE_CURVE('',#1328,#1429,#204,.T.);
#1796=EDGE_CURVE('',#1409,#1459,#205,.T.);
#1797=EDGE_CURVE('',#1329,#1428,#206,.T.);
#1798=EDGE_CURVE('',#1461,#1331,#207,.T.);
#1799=EDGE_CURVE('',#1410,#1461,#208,.T.);
#1800=EDGE_CURVE('',#1427,#1412,#209,.T.);
#1801=EDGE_CURVE('',#1438,#1428,#210,.T.);
#1802=EDGE_CURVE('',#1435,#1427,#211,.T.);
#1803=EDGE_CURVE('',#1438,#1329,#212,.T.);
#1804=EDGE_CURVE('',#1410,#1331,#213,.T.);
#1805=EDGE_CURVE('',#1435,#1412,#214,.T.);
#1806=EDGE_CURVE('',#1330,#1437,#215,.T.);
#1807=EDGE_CURVE('',#1406,#1330,#216,.T.);
#1808=EDGE_CURVE('',#1411,#1407,#217,.T.);
#1809=EDGE_CURVE('',#1436,#1411,#218,.T.);
#1810=EDGE_CURVE('',#1406,#1437,#219,.T.);
#1811=EDGE_CURVE('',#1436,#1407,#220,.T.);
#1812=LINE('',#3127,#2027);
#1813=LINE('',#3130,#2028);
#1814=LINE('',#3132,#2029);
#1815=LINE('',#3134,#2030);
#1816=LINE('',#3136,#2031);
#1817=LINE('',#3141,#2032);
#1818=LINE('',#3143,#2033);
#1819=LINE('',#3145,#2034);
#1820=LINE('',#3147,#2035);
#1821=LINE('',#3152,#2036);
#1822=LINE('',#3154,#2037);
#1823=LINE('',#3156,#2038);
#1824=LINE('',#3158,#2039);
#1825=LINE('',#3161,#2040);
#1826=LINE('',#3165,#2041);
#1827=LINE('',#3167,#2042);
#1828=LINE('',#3169,#2043);
#1829=LINE('',#3171,#2044);
#1830=LINE('',#3173,#2045);
#1831=LINE('',#3177,#2046);
#1832=LINE('',#3179,#2047);
#1833=LINE('',#3181,#2048);
#1834=LINE('',#3183,#2049);
#1835=LINE('',#3186,#2050);
#1836=LINE('',#3187,#2051);
#1837=LINE('',#3189,#2052);
#1838=LINE('',#3191,#2053);
#1839=LINE('',#3193,#2054);
#1840=LINE('',#3195,#2055);
#1841=LINE('',#3197,#2056);
#1842=LINE('',#3199,#2057);
#1843=LINE('',#3201,#2058);
#1844=LINE('',#3203,#2059);
#1845=LINE('',#3208,#2060);
#1846=LINE('',#3211,#2061);
#1847=LINE('',#3213,#2062);
#1848=LINE('',#3215,#2063);
#1849=LINE('',#3216,#2064);
#1850=LINE('',#3218,#2065);
#1851=LINE('',#3220,#2066);
#1852=LINE('',#3222,#2067);
#1853=LINE('',#3224,#2068);
#1854=LINE('',#3226,#2069);
#1855=LINE('',#3228,#2070);
#1856=LINE('',#3230,#2071);
#1857=LINE('',#3232,#2072);
#1858=LINE('',#3234,#2073);
#1859=LINE('',#3236,#2074);
#1860=LINE('',#3240,#2075);
#1861=LINE('',#3244,#2076);
#1862=LINE('',#3249,#2077);
#1863=LINE('',#3251,#2078);
#1864=LINE('',#3253,#2079);
#1865=LINE('',#3255,#2080);
#1866=LINE('',#3260,#2081);
#1867=LINE('',#3261,#2082);
#1868=LINE('',#3263,#2083);
#1869=LINE('',#3264,#2084);
#1870=LINE('',#3266,#2085);
#1871=LINE('',#3268,#2086);
#1872=LINE('',#3269,#2087);
#1873=LINE('',#3271,#2088);
#1874=LINE('',#3275,#2089);
#1875=LINE('',#3278,#2090);
#1876=LINE('',#3280,#2091);
#1877=LINE('',#3282,#2092);
#1878=LINE('',#3284,#2093);
#1879=LINE('',#3286,#2094);
#1880=LINE('',#3288,#2095);
#1881=LINE('',#3290,#2096);
#1882=LINE('',#3292,#2097);
#1883=LINE('',#3294,#2098);
#1884=LINE('',#3296,#2099);
#1885=LINE('',#3298,#2100);
#1886=LINE('',#3300,#2101);
#1887=LINE('',#3301,#2102);
#1888=LINE('',#3308,#2103);
#1889=LINE('',#3317,#2104);
#1890=LINE('',#3319,#2105);
#1891=LINE('',#3320,#2106);
#1892=LINE('',#3329,#2107);
#1893=LINE('',#3331,#2108);
#1894=LINE('',#3335,#2109);
#1895=LINE('',#3337,#2110);
#1896=LINE('',#3339,#2111);
#1897=LINE('',#3347,#2112);
#1898=LINE('',#3349,#2113);
#1899=LINE('',#3351,#2114);
#1900=LINE('',#3357,#2115);
#1901=LINE('',#3360,#2116);
#1902=LINE('',#3362,#2117);
#1903=LINE('',#3363,#2118);
#1904=LINE('',#3364,#2119);
#1905=LINE('',#3368,#2120);
#1906=LINE('',#3369,#2121);
#1907=LINE('',#3371,#2122);
#1908=LINE('',#3374,#2123);
#1909=LINE('',#3375,#2124);
#1910=LINE('',#3379,#2125);
#1911=LINE('',#3381,#2126);
#1912=LINE('',#3383,#2127);
#1913=LINE('',#3386,#2128);
#1914=LINE('',#3387,#2129);
#1915=LINE('',#3391,#2130);
#1916=LINE('',#3395,#2131);
#1917=LINE('',#3399,#2132);
#1918=LINE('',#3403,#2133);
#1919=LINE('',#3407,#2134);
#1920=LINE('',#3411,#2135);
#1921=LINE('',#3415,#2136);
#1922=LINE('',#3417,#2137);
#1923=LINE('',#3419,#2138);
#1924=LINE('',#3420,#2139);
#1925=LINE('',#3422,#2140);
#1926=LINE('',#3424,#2141);
#1927=LINE('',#3426,#2142);
#1928=LINE('',#3428,#2143);
#1929=LINE('',#3432,#2144);
#1930=LINE('',#3436,#2145);
#1931=LINE('',#3438,#2146);
#1932=LINE('',#3440,#2147);
#1933=LINE('',#3443,#2148);
#1934=LINE('',#3445,#2149);
#1935=LINE('',#3447,#2150);
#1936=LINE('',#3451,#2151);
#1937=LINE('',#3455,#2152);
#1938=LINE('',#3457,#2153);
#1939=LINE('',#3459,#2154);
#1940=LINE('',#3463,#2155);
#1941=LINE('',#3465,#2156);
#1942=LINE('',#3469,#2157);
#1943=LINE('',#3471,#2158);
#1944=LINE('',#3473,#2159);
#1945=LINE('',#3477,#2160);
#1946=LINE('',#3479,#2161);
#1947=LINE('',#3483,#2162);
#1948=LINE('',#3485,#2163);
#1949=LINE('',#3487,#2164);
#1950=LINE('',#3491,#2165);
#1951=LINE('',#3493,#2166);
#1952=LINE('',#3495,#2167);
#1953=LINE('',#3497,#2168);
#1954=LINE('',#3500,#2169);
#1955=LINE('',#3502,#2170);
#1956=LINE('',#3505,#2171);
#1957=LINE('',#3508,#2172);
#1958=LINE('',#3509,#2173);
#1959=LINE('',#3511,#2174);
#1960=LINE('',#3512,#2175);
#1961=LINE('',#3514,#2176);
#1962=LINE('',#3518,#2177);
#1963=LINE('',#3520,#2178);
#1964=LINE('',#3522,#2179);
#1965=LINE('',#3523,#2180);
#1966=LINE('',#3524,#2181);
#1967=LINE('',#3526,#2182);
#1968=LINE('',#3528,#2183);
#1969=LINE('',#3531,#2184);
#1970=LINE('',#3532,#2185);
#1971=LINE('',#3533,#2186);
#1972=LINE('',#3535,#2187);
#1973=LINE('',#3537,#2188);
#1974=LINE('',#3538,#2189);
#1975=LINE('',#3542,#2190);
#1976=LINE('',#3548,#2191);
#1977=LINE('',#3549,#2192);
#1978=LINE('',#3551,#2193);
#1979=LINE('',#3553,#2194);
#1980=LINE('',#3555,#2195);
#1981=LINE('',#3557,#2196);
#1982=LINE('',#3562,#2197);
#1983=LINE('',#3564,#2198);
#1984=LINE('',#3566,#2199);
#1985=LINE('',#3570,#2200);
#1986=LINE('',#3573,#2201);
#1987=LINE('',#3574,#2202);
#1988=LINE('',#3576,#2203);
#1989=LINE('',#3584,#2204);
#1990=LINE('',#3586,#2205);
#1991=LINE('',#3587,#2206);
#1992=LINE('',#3589,#2207);
#1993=LINE('',#3591,#2208);
#1994=LINE('',#3595,#2209);
#1995=LINE('',#3597,#2210);
#1996=LINE('',#3599,#2211);
#1997=LINE('',#3606,#2212);
#1998=LINE('',#3607,#2213);
#1999=LINE('',#3611,#2214);
#2000=LINE('',#3612,#2215);
#2001=LINE('',#3614,#2216);
#2002=LINE('',#3616,#2217);
#2003=LINE('',#3620,#2218);
#2004=LINE('',#3622,#2219);
#2005=LINE('',#3624,#2220);
#2006=LINE('',#3631,#2221);
#2007=LINE('',#3632,#2222);
#2008=LINE('',#3636,#2223);
#2009=LINE('',#3637,#2224);
#2010=LINE('',#3639,#2225);
#2011=LINE('',#3641,#2226);
#2012=LINE('',#3645,#2227);
#2013=LINE('',#3646,#2228);
#2014=LINE('',#3648,#2229);
#2015=LINE('',#3650,#2230);
#2016=LINE('',#3652,#2231);
#2017=LINE('',#3654,#2232);
#2018=LINE('',#3657,#2233);
#2019=LINE('',#3658,#2234);
#2020=LINE('',#3659,#2235);
#2021=LINE('',#3661,#2236);
#2022=LINE('',#3663,#2237);
#2023=LINE('',#3665,#2238);
#2024=LINE('',#3667,#2239);
#2025=LINE('',#3669,#2240);
#2026=LINE('',#3671,#2241);
#2027=VECTOR('',#2467,1.);
#2028=VECTOR('',#2468,1.);
#2029=VECTOR('',#2469,1.);
#2030=VECTOR('',#2470,1.);
#2031=VECTOR('',#2473,1.);
#2032=VECTOR('',#2476,1.);
#2033=VECTOR('',#2477,1.);
#2034=VECTOR('',#2478,1.);
#2035=VECTOR('',#2481,1.);
#2036=VECTOR('',#2484,1.);
#2037=VECTOR('',#2485,1.);
#2038=VECTOR('',#2486,1.);
#2039=VECTOR('',#2489,1.);
#2040=VECTOR('',#2490,1.);
#2041=VECTOR('',#2493,1.);
#2042=VECTOR('',#2494,1.);
#2043=VECTOR('',#2495,1.);
#2044=VECTOR('',#2496,1.);
#2045=VECTOR('',#2497,1.);
#2046=VECTOR('',#2500,1.);
#2047=VECTOR('',#2501,1.);
#2048=VECTOR('',#2502,1.);
#2049=VECTOR('',#2505,1.);
#2050=VECTOR('',#2506,1.);
#2051=VECTOR('',#2507,1.);
#2052=VECTOR('',#2510,1.);
#2053=VECTOR('',#2511,1.);
#2054=VECTOR('',#2512,1.);
#2055=VECTOR('',#2513,1.);
#2056=VECTOR('',#2514,1.);
#2057=VECTOR('',#2515,1.);
#2058=VECTOR('',#2516,1.);
#2059=VECTOR('',#2519,1.);
#2060=VECTOR('',#2522,1.);
#2061=VECTOR('',#2525,1.);
#2062=VECTOR('',#2526,1.);
#2063=VECTOR('',#2527,1.);
#2064=VECTOR('',#2528,1.);
#2065=VECTOR('',#2529,1.);
#2066=VECTOR('',#2530,1.);
#2067=VECTOR('',#2531,1.);
#2068=VECTOR('',#2532,1.);
#2069=VECTOR('',#2533,1.);
#2070=VECTOR('',#2534,1.);
#2071=VECTOR('',#2535,1.);
#2072=VECTOR('',#2536,1.);
#2073=VECTOR('',#2537,1.);
#2074=VECTOR('',#2538,1.);
#2075=VECTOR('',#2541,1.);
#2076=VECTOR('',#2546,1.);
#2077=VECTOR('',#2549,1.);
#2078=VECTOR('',#2550,1.);
#2079=VECTOR('',#2551,1.);
#2080=VECTOR('',#2554,1.);
#2081=VECTOR('',#2557,1.);
#2082=VECTOR('',#2558,1.);
#2083=VECTOR('',#2561,1.);
#2084=VECTOR('',#2562,1.);
#2085=VECTOR('',#2565,1.);
#2086=VECTOR('',#2568,1.);
#2087=VECTOR('',#2569,1.);
#2088=VECTOR('',#2572,1.);
#2089=VECTOR('',#2577,1.);
#2090=VECTOR('',#2578,1.);
#2091=VECTOR('',#2579,1.);
#2092=VECTOR('',#2580,1.);
#2093=VECTOR('',#2581,1.);
#2094=VECTOR('',#2582,1.);
#2095=VECTOR('',#2583,1.);
#2096=VECTOR('',#2584,1.);
#2097=VECTOR('',#2585,1.);
#2098=VECTOR('',#2586,1.);
#2099=VECTOR('',#2587,1.);
#2100=VECTOR('',#2588,1.);
#2101=VECTOR('',#2589,1.);
#2102=VECTOR('',#2590,1.);
#2103=VECTOR('',#2597,1.);
#2104=VECTOR('',#2604,1.);
#2105=VECTOR('',#2605,1.);
#2106=VECTOR('',#2606,1.);
#2107=VECTOR('',#2613,1.);
#2108=VECTOR('',#2614,1.);
#2109=VECTOR('',#2617,1.);
#2110=VECTOR('',#2618,1.);
#2111=VECTOR('',#2619,1.);
#2112=VECTOR('',#2626,1.);
#2113=VECTOR('',#2627,1.);
#2114=VECTOR('',#2628,1.);
#2115=VECTOR('',#2635,1.);
#2116=VECTOR('',#2636,1.);
#2117=VECTOR('',#2637,1.);
#2118=VECTOR('',#2638,1.);
#2119=VECTOR('',#2639,1.);
#2120=VECTOR('',#2644,1.);
#2121=VECTOR('',#2645,1.);
#2122=VECTOR('',#2648,1.);
#2123=VECTOR('',#2649,1.);
#2124=VECTOR('',#2650,1.);
#2125=VECTOR('',#2653,1.);
#2126=VECTOR('',#2654,1.);
#2127=VECTOR('',#2657,1.);
#2128=VECTOR('',#2658,1.);
#2129=VECTOR('',#2659,1.);
#2130=VECTOR('',#2662,1.);
#2131=VECTOR('',#2665,1.);
#2132=VECTOR('',#2668,1.);
#2133=VECTOR('',#2671,1.);
#2134=VECTOR('',#2674,1.);
#2135=VECTOR('',#2677,1.);
#2136=VECTOR('',#2682,1.);
#2137=VECTOR('',#2683,1.);
#2138=VECTOR('',#2686,1.);
#2139=VECTOR('',#2687,1.);
#2140=VECTOR('',#2690,1.);
#2141=VECTOR('',#2691,1.);
#2142=VECTOR('',#2692,1.);
#2143=VECTOR('',#2693,1.);
#2144=VECTOR('',#2696,1.);
#2145=VECTOR('',#2699,1.);
#2146=VECTOR('',#2700,1.);
#2147=VECTOR('',#2703,1.);
#2148=VECTOR('',#2704,1.);
#2149=VECTOR('',#2705,1.);
#2150=VECTOR('',#2706,1.);
#2151=VECTOR('',#2711,1.);
#2152=VECTOR('',#2714,1.);
#2153=VECTOR('',#2717,1.);
#2154=VECTOR('',#2718,1.);
#2155=VECTOR('',#2723,1.);
#2156=VECTOR('',#2726,1.);
#2157=VECTOR('',#2729,1.);
#2158=VECTOR('',#2732,1.);
#2159=VECTOR('',#2733,1.);
#2160=VECTOR('',#2738,1.);
#2161=VECTOR('',#2741,1.);
#2162=VECTOR('',#2744,1.);
#2163=VECTOR('',#2747,1.);
#2164=VECTOR('',#2748,1.);
#2165=VECTOR('',#2753,1.);
#2166=VECTOR('',#2756,1.);
#2167=VECTOR('',#2759,1.);
#2168=VECTOR('',#2762,1.);
#2169=VECTOR('',#2767,1.);
#2170=VECTOR('',#2770,1.);
#2171=VECTOR('',#2775,1.);
#2172=VECTOR('',#2776,1.);
#2173=VECTOR('',#2777,1.);
#2174=VECTOR('',#2778,1.);
#2175=VECTOR('',#2779,1.);
#2176=VECTOR('',#2782,1.);
#2177=VECTOR('',#2785,1.);
#2178=VECTOR('',#2786,1.);
#2179=VECTOR('',#2789,1.);
#2180=VECTOR('',#2790,1.);
#2181=VECTOR('',#2791,1.);
#2182=VECTOR('',#2792,1.);
#2183=VECTOR('',#2795,1.);
#2184=VECTOR('',#2796,1.);
#2185=VECTOR('',#2797,1.);
#2186=VECTOR('',#2798,1.);
#2187=VECTOR('',#2799,1.);
#2188=VECTOR('',#2802,1.);
#2189=VECTOR('',#2803,1.);
#2190=VECTOR('',#2810,1.);
#2191=VECTOR('',#2817,1.);
#2192=VECTOR('',#2818,1.);
#2193=VECTOR('',#2821,1.);
#2194=VECTOR('',#2822,1.);
#2195=VECTOR('',#2823,1.);
#2196=VECTOR('',#2826,1.);
#2197=VECTOR('',#2831,1.);
#2198=VECTOR('',#2834,1.);
#2199=VECTOR('',#2837,1.);
#2200=VECTOR('',#2844,1.);
#2201=VECTOR('',#2845,1.);
#2202=VECTOR('',#2846,1.);
#2203=VECTOR('',#2849,1.);
#2204=VECTOR('',#2856,1.);
#2205=VECTOR('',#2859,1.);
#2206=VECTOR('',#2860,1.);
#2207=VECTOR('',#2863,1.);
#2208=VECTOR('',#2866,1.);
#2209=VECTOR('',#2873,1.);
#2210=VECTOR('',#2874,1.);
#2211=VECTOR('',#2875,1.);
#2212=VECTOR('',#2882,1.);
#2213=VECTOR('',#2883,1.);
#2214=VECTOR('',#2888,1.);
#2215=VECTOR('',#2889,1.);
#2216=VECTOR('',#2892,1.);
#2217=VECTOR('',#2895,1.);
#2218=VECTOR('',#2902,1.);
#2219=VECTOR('',#2903,1.);
#2220=VECTOR('',#2904,1.);
#2221=VECTOR('',#2911,1.);
#2222=VECTOR('',#2912,1.);
#2223=VECTOR('',#2917,1.);
#2224=VECTOR('',#2918,1.);
#2225=VECTOR('',#2921,1.);
#2226=VECTOR('',#2924,1.);
#2227=VECTOR('',#2931,1.);
#2228=VECTOR('',#2932,1.);
#2229=VECTOR('',#2933,1.);
#2230=VECTOR('',#2934,1.);
#2231=VECTOR('',#2935,1.);
#2232=VECTOR('',#2938,1.);
#2233=VECTOR('',#2939,1.);
#2234=VECTOR('',#2940,1.);
#2235=VECTOR('',#2941,1.);
#2236=VECTOR('',#2942,1.);
#2237=VECTOR('',#2945,1.);
#2238=VECTOR('',#2946,1.);
#2239=VECTOR('',#2947,1.);
#2240=VECTOR('',#2950,1.);
#2241=VECTOR('',#2951,1.);
#2242=AXIS2_PLACEMENT_3D('',#3126,#2465,#2466);
#2243=AXIS2_PLACEMENT_3D('',#3135,#2471,#2472);
#2244=AXIS2_PLACEMENT_3D('',#3139,#2474,#2475);
#2245=AXIS2_PLACEMENT_3D('',#3146,#2479,#2480);
#2246=AXIS2_PLACEMENT_3D('',#3150,#2482,#2483);
#2247=AXIS2_PLACEMENT_3D('',#3157,#2487,#2488);
#2248=AXIS2_PLACEMENT_3D('',#3163,#2491,#2492);
#2249=AXIS2_PLACEMENT_3D('',#3175,#2498,#2499);
#2250=AXIS2_PLACEMENT_3D('',#3182,#2503,#2504);
#2251=AXIS2_PLACEMENT_3D('',#3188,#2508,#2509);
#2252=AXIS2_PLACEMENT_3D('',#3202,#2517,#2518);
#2253=AXIS2_PLACEMENT_3D('',#3206,#2520,#2521);
#2254=AXIS2_PLACEMENT_3D('',#3210,#2523,#2524);
#2255=AXIS2_PLACEMENT_3D('',#3238,#2539,#2540);
#2256=AXIS2_PLACEMENT_3D('',#3242,#2542,#2543);
#2257=AXIS2_PLACEMENT_3D('',#3243,#2544,#2545);
#2258=AXIS2_PLACEMENT_3D('',#3247,#2547,#2548);
#2259=AXIS2_PLACEMENT_3D('',#3254,#2552,#2553);
#2260=AXIS2_PLACEMENT_3D('',#3258,#2555,#2556);
#2261=AXIS2_PLACEMENT_3D('',#3262,#2559,#2560);
#2262=AXIS2_PLACEMENT_3D('',#3265,#2563,#2564);
#2263=AXIS2_PLACEMENT_3D('',#3267,#2566,#2567);
#2264=AXIS2_PLACEMENT_3D('',#3270,#2570,#2571);
#2265=AXIS2_PLACEMENT_3D('',#3272,#2573,#2574);
#2266=AXIS2_PLACEMENT_3D('',#3273,#2575,#2576);
#2267=AXIS2_PLACEMENT_3D('',#3302,#2591,#2592);
#2268=AXIS2_PLACEMENT_3D('',#3304,#2593,#2594);
#2269=AXIS2_PLACEMENT_3D('',#3306,#2595,#2596);
#2270=AXIS2_PLACEMENT_3D('',#3311,#2598,#2599);
#2271=AXIS2_PLACEMENT_3D('',#3313,#2600,#2601);
#2272=AXIS2_PLACEMENT_3D('',#3315,#2602,#2603);
#2273=AXIS2_PLACEMENT_3D('',#3323,#2607,#2608);
#2274=AXIS2_PLACEMENT_3D('',#3325,#2609,#2610);
#2275=AXIS2_PLACEMENT_3D('',#3327,#2611,#2612);
#2276=AXIS2_PLACEMENT_3D('',#3332,#2615,#2616);
#2277=AXIS2_PLACEMENT_3D('',#3341,#2620,#2621);
#2278=AXIS2_PLACEMENT_3D('',#3343,#2622,#2623);
#2279=AXIS2_PLACEMENT_3D('',#3344,#2624,#2625);
#2280=AXIS2_PLACEMENT_3D('',#3353,#2629,#2630);
#2281=AXIS2_PLACEMENT_3D('',#3355,#2631,#2632);
#2282=AXIS2_PLACEMENT_3D('',#3356,#2633,#2634);
#2283=AXIS2_PLACEMENT_3D('',#3366,#2640,#2641);
#2284=AXIS2_PLACEMENT_3D('',#3367,#2642,#2643);
#2285=AXIS2_PLACEMENT_3D('',#3370,#2646,#2647);
#2286=AXIS2_PLACEMENT_3D('',#3377,#2651,#2652);
#2287=AXIS2_PLACEMENT_3D('',#3382,#2655,#2656);
#2288=AXIS2_PLACEMENT_3D('',#3388,#2660,#2661);
#2289=AXIS2_PLACEMENT_3D('',#3393,#2663,#2664);
#2290=AXIS2_PLACEMENT_3D('',#3396,#2666,#2667);
#2291=AXIS2_PLACEMENT_3D('',#3401,#2669,#2670);
#2292=AXIS2_PLACEMENT_3D('',#3404,#2672,#2673);
#2293=AXIS2_PLACEMENT_3D('',#3409,#2675,#2676);
#2294=AXIS2_PLACEMENT_3D('',#3412,#2678,#2679);
#2295=AXIS2_PLACEMENT_3D('',#3413,#2680,#2681);
#2296=AXIS2_PLACEMENT_3D('',#3418,#2684,#2685);
#2297=AXIS2_PLACEMENT_3D('',#3421,#2688,#2689);
#2298=AXIS2_PLACEMENT_3D('',#3430,#2694,#2695);
#2299=AXIS2_PLACEMENT_3D('',#3434,#2697,#2698);
#2300=AXIS2_PLACEMENT_3D('',#3439,#2701,#2702);
#2301=AXIS2_PLACEMENT_3D('',#3448,#2707,#2708);
#2302=AXIS2_PLACEMENT_3D('',#3450,#2709,#2710);
#2303=AXIS2_PLACEMENT_3D('',#3453,#2712,#2713);
#2304=AXIS2_PLACEMENT_3D('',#3456,#2715,#2716);
#2305=AXIS2_PLACEMENT_3D('',#3460,#2719,#2720);
#2306=AXIS2_PLACEMENT_3D('',#3461,#2721,#2722);
#2307=AXIS2_PLACEMENT_3D('',#3464,#2724,#2725);
#2308=AXIS2_PLACEMENT_3D('',#3467,#2727,#2728);
#2309=AXIS2_PLACEMENT_3D('',#3470,#2730,#2731);
#2310=AXIS2_PLACEMENT_3D('',#3474,#2734,#2735);
#2311=AXIS2_PLACEMENT_3D('',#3475,#2736,#2737);
#2312=AXIS2_PLACEMENT_3D('',#3478,#2739,#2740);
#2313=AXIS2_PLACEMENT_3D('',#3481,#2742,#2743);
#2314=AXIS2_PLACEMENT_3D('',#3484,#2745,#2746);
#2315=AXIS2_PLACEMENT_3D('',#3488,#2749,#2750);
#2316=AXIS2_PLACEMENT_3D('',#3489,#2751,#2752);
#2317=AXIS2_PLACEMENT_3D('',#3492,#2754,#2755);
#2318=AXIS2_PLACEMENT_3D('',#3494,#2757,#2758);
#2319=AXIS2_PLACEMENT_3D('',#3496,#2760,#2761);
#2320=AXIS2_PLACEMENT_3D('',#3498,#2763,#2764);
#2321=AXIS2_PLACEMENT_3D('',#3499,#2765,#2766);
#2322=AXIS2_PLACEMENT_3D('',#3501,#2768,#2769);
#2323=AXIS2_PLACEMENT_3D('',#3503,#2771,#2772);
#2324=AXIS2_PLACEMENT_3D('',#3504,#2773,#2774);
#2325=AXIS2_PLACEMENT_3D('',#3513,#2780,#2781);
#2326=AXIS2_PLACEMENT_3D('',#3517,#2783,#2784);
#2327=AXIS2_PLACEMENT_3D('',#3521,#2787,#2788);
#2328=AXIS2_PLACEMENT_3D('',#3527,#2793,#2794);
#2329=AXIS2_PLACEMENT_3D('',#3536,#2800,#2801);
#2330=AXIS2_PLACEMENT_3D('',#3539,#2804,#2805);
#2331=AXIS2_PLACEMENT_3D('',#3540,#2806,#2807);
#2332=AXIS2_PLACEMENT_3D('',#3541,#2808,#2809);
#2333=AXIS2_PLACEMENT_3D('',#3543,#2811,#2812);
#2334=AXIS2_PLACEMENT_3D('',#3544,#2813,#2814);
#2335=AXIS2_PLACEMENT_3D('',#3545,#2815,#2816);
#2336=AXIS2_PLACEMENT_3D('',#3550,#2819,#2820);
#2337=AXIS2_PLACEMENT_3D('',#3556,#2824,#2825);
#2338=AXIS2_PLACEMENT_3D('',#3559,#2827,#2828);
#2339=AXIS2_PLACEMENT_3D('',#3560,#2829,#2830);
#2340=AXIS2_PLACEMENT_3D('',#3563,#2832,#2833);
#2341=AXIS2_PLACEMENT_3D('',#3565,#2835,#2836);
#2342=AXIS2_PLACEMENT_3D('',#3567,#2838,#2839);
#2343=AXIS2_PLACEMENT_3D('',#3568,#2840,#2841);
#2344=AXIS2_PLACEMENT_3D('',#3569,#2842,#2843);
#2345=AXIS2_PLACEMENT_3D('',#3575,#2847,#2848);
#2346=AXIS2_PLACEMENT_3D('',#3578,#2850,#2851);
#2347=AXIS2_PLACEMENT_3D('',#3580,#2852,#2853);
#2348=AXIS2_PLACEMENT_3D('',#3582,#2854,#2855);
#2349=AXIS2_PLACEMENT_3D('',#3585,#2857,#2858);
#2350=AXIS2_PLACEMENT_3D('',#3588,#2861,#2862);
#2351=AXIS2_PLACEMENT_3D('',#3590,#2864,#2865);
#2352=AXIS2_PLACEMENT_3D('',#3592,#2867,#2868);
#2353=AXIS2_PLACEMENT_3D('',#3593,#2869,#2870);
#2354=AXIS2_PLACEMENT_3D('',#3594,#2871,#2872);
#2355=AXIS2_PLACEMENT_3D('',#3600,#2876,#2877);
#2356=AXIS2_PLACEMENT_3D('',#3601,#2878,#2879);
#2357=AXIS2_PLACEMENT_3D('',#3604,#2880,#2881);
#2358=AXIS2_PLACEMENT_3D('',#3609,#2884,#2885);
#2359=AXIS2_PLACEMENT_3D('',#3610,#2886,#2887);
#2360=AXIS2_PLACEMENT_3D('',#3613,#2890,#2891);
#2361=AXIS2_PLACEMENT_3D('',#3615,#2893,#2894);
#2362=AXIS2_PLACEMENT_3D('',#3617,#2896,#2897);
#2363=AXIS2_PLACEMENT_3D('',#3618,#2898,#2899);
#2364=AXIS2_PLACEMENT_3D('',#3619,#2900,#2901);
#2365=AXIS2_PLACEMENT_3D('',#3625,#2905,#2906);
#2366=AXIS2_PLACEMENT_3D('',#3626,#2907,#2908);
#2367=AXIS2_PLACEMENT_3D('',#3629,#2909,#2910);
#2368=AXIS2_PLACEMENT_3D('',#3634,#2913,#2914);
#2369=AXIS2_PLACEMENT_3D('',#3635,#2915,#2916);
#2370=AXIS2_PLACEMENT_3D('',#3638,#2919,#2920);
#2371=AXIS2_PLACEMENT_3D('',#3640,#2922,#2923);
#2372=AXIS2_PLACEMENT_3D('',#3642,#2925,#2926);
#2373=AXIS2_PLACEMENT_3D('',#3643,#2927,#2928);
#2374=AXIS2_PLACEMENT_3D('',#3644,#2929,#2930);
#2375=AXIS2_PLACEMENT_3D('',#3653,#2936,#2937);
#2376=AXIS2_PLACEMENT_3D('',#3662,#2943,#2944);
#2377=AXIS2_PLACEMENT_3D('',#3668,#2948,#2949);
#2378=AXIS2_PLACEMENT_3D('',#3672,#2952,#2953);
#2379=AXIS2_PLACEMENT_3D('',#3673,#2954,#2955);
#2380=AXIS2_PLACEMENT_3D('',#3675,#2956,#2957);
#2381=AXIS2_PLACEMENT_3D('',#3676,#2958,#2959);
#2382=AXIS2_PLACEMENT_3D('',#3678,#2960,#2961);
#2383=AXIS2_PLACEMENT_3D('',#3679,#2962,#2963);
#2384=AXIS2_PLACEMENT_3D('',#3681,#2964,#2965);
#2385=AXIS2_PLACEMENT_3D('',#3682,#2966,#2967);
#2386=AXIS2_PLACEMENT_3D('',#3684,#2968,#2969);
#2387=AXIS2_PLACEMENT_3D('',#3685,#2970,#2971);
#2388=AXIS2_PLACEMENT_3D('',#3687,#2972,#2973);
#2389=AXIS2_PLACEMENT_3D('',#3688,#2974,#2975);
#2390=AXIS2_PLACEMENT_3D('',#3690,#2976,#2977);
#2391=AXIS2_PLACEMENT_3D('',#3691,#2978,#2979);
#2392=AXIS2_PLACEMENT_3D('',#3692,#2980,#2981);
#2393=AXIS2_PLACEMENT_3D('',#3693,#2982,#2983);
#2394=AXIS2_PLACEMENT_3D('',#3694,#2984,#2985);
#2395=AXIS2_PLACEMENT_3D('',#3695,#2986,#2987);
#2396=AXIS2_PLACEMENT_3D('',#3696,#2988,#2989);
#2397=AXIS2_PLACEMENT_3D('',#3697,#2990,#2991);
#2398=AXIS2_PLACEMENT_3D('',#3698,#2992,#2993);
#2399=AXIS2_PLACEMENT_3D('',#3699,#2994,#2995);
#2400=AXIS2_PLACEMENT_3D('',#3700,#2996,#2997);
#2401=AXIS2_PLACEMENT_3D('',#3701,#2998,#2999);
#2402=AXIS2_PLACEMENT_3D('',#3702,#3000,#3001);
#2403=AXIS2_PLACEMENT_3D('',#3703,#3002,#3003);
#2404=AXIS2_PLACEMENT_3D('',#3704,#3004,#3005);
#2405=AXIS2_PLACEMENT_3D('',#3705,#3006,#3007);
#2406=AXIS2_PLACEMENT_3D('',#3706,#3008,#3009);
#2407=AXIS2_PLACEMENT_3D('',#3707,#3010,#3011);
#2408=AXIS2_PLACEMENT_3D('',#3708,#3012,#3013);
#2409=AXIS2_PLACEMENT_3D('',#3709,#3014,#3015);
#2410=AXIS2_PLACEMENT_3D('',#3710,#3016,#3017);
#2411=AXIS2_PLACEMENT_3D('',#3711,#3018,#3019);
#2412=AXIS2_PLACEMENT_3D('',#3712,#3020,#3021);
#2413=AXIS2_PLACEMENT_3D('',#3713,#3022,#3023);
#2414=AXIS2_PLACEMENT_3D('',#3714,#3024,#3025);
#2415=AXIS2_PLACEMENT_3D('',#3715,#3026,#3027);
#2416=AXIS2_PLACEMENT_3D('',#3716,#3028,#3029);
#2417=AXIS2_PLACEMENT_3D('',#3717,#3030,#3031);
#2418=AXIS2_PLACEMENT_3D('',#3718,#3032,#3033);
#2419=AXIS2_PLACEMENT_3D('',#3719,#3034,#3035);
#2420=AXIS2_PLACEMENT_3D('',#3720,#3036,#3037);
#2421=AXIS2_PLACEMENT_3D('',#3721,#3038,#3039);
#2422=AXIS2_PLACEMENT_3D('',#3722,#3040,#3041);
#2423=AXIS2_PLACEMENT_3D('',#3723,#3042,#3043);
#2424=AXIS2_PLACEMENT_3D('',#3724,#3044,#3045);
#2425=AXIS2_PLACEMENT_3D('',#3725,#3046,#3047);
#2426=AXIS2_PLACEMENT_3D('',#3726,#3048,#3049);
#2427=AXIS2_PLACEMENT_3D('',#3727,#3050,#3051);
#2428=AXIS2_PLACEMENT_3D('',#3728,#3052,#3053);
#2429=AXIS2_PLACEMENT_3D('',#3729,#3054,#3055);
#2430=AXIS2_PLACEMENT_3D('',#3730,#3056,#3057);
#2431=AXIS2_PLACEMENT_3D('',#3731,#3058,#3059);
#2432=AXIS2_PLACEMENT_3D('',#3732,#3060,#3061);
#2433=AXIS2_PLACEMENT_3D('',#3733,#3062,#3063);
#2434=AXIS2_PLACEMENT_3D('',#3734,#3064,#3065);
#2435=AXIS2_PLACEMENT_3D('',#3735,#3066,#3067);
#2436=AXIS2_PLACEMENT_3D('',#3736,#3068,#3069);
#2437=AXIS2_PLACEMENT_3D('',#3737,#3070,#3071);
#2438=AXIS2_PLACEMENT_3D('',#3738,#3072,#3073);
#2439=AXIS2_PLACEMENT_3D('',#3739,#3074,#3075);
#2440=AXIS2_PLACEMENT_3D('',#3740,#3076,#3077);
#2441=AXIS2_PLACEMENT_3D('',#3741,#3078,#3079);
#2442=AXIS2_PLACEMENT_3D('',#3742,#3080,#3081);
#2443=AXIS2_PLACEMENT_3D('',#3743,#3082,#3083);
#2444=AXIS2_PLACEMENT_3D('',#3744,#3084,#3085);
#2445=AXIS2_PLACEMENT_3D('',#3745,#3086,#3087);
#2446=AXIS2_PLACEMENT_3D('',#3746,#3088,#3089);
#2447=AXIS2_PLACEMENT_3D('',#3747,#3090,#3091);
#2448=AXIS2_PLACEMENT_3D('',#3748,#3092,#3093);
#2449=AXIS2_PLACEMENT_3D('',#3749,#3094,#3095);
#2450=AXIS2_PLACEMENT_3D('',#3750,#3096,#3097);
#2451=AXIS2_PLACEMENT_3D('',#3751,#3098,#3099);
#2452=AXIS2_PLACEMENT_3D('',#3752,#3100,#3101);
#2453=AXIS2_PLACEMENT_3D('',#3753,#3102,#3103);
#2454=AXIS2_PLACEMENT_3D('',#3754,#3104,#3105);
#2455=AXIS2_PLACEMENT_3D('',#3755,#3106,#3107);
#2456=AXIS2_PLACEMENT_3D('',#3756,#3108,#3109);
#2457=AXIS2_PLACEMENT_3D('',#3757,#3110,#3111);
#2458=AXIS2_PLACEMENT_3D('',#3758,#3112,#3113);
#2459=AXIS2_PLACEMENT_3D('',#3759,#3114,#3115);
#2460=AXIS2_PLACEMENT_3D('',#3760,#3116,#3117);
#2461=AXIS2_PLACEMENT_3D('',#3761,#3118,#3119);
#2462=AXIS2_PLACEMENT_3D('',#3762,#3120,#3121);
#2463=AXIS2_PLACEMENT_3D('',#3763,#3122,#3123);
#2464=AXIS2_PLACEMENT_3D('',#3764,#3124,#3125);
#2465=DIRECTION('',(0.,0.,1.));
#2466=DIRECTION('',(1.,0.,0.));
#2467=DIRECTION('',(0.,0.,1.));
#2468=DIRECTION('',(0.,-1.,0.));
#2469=DIRECTION('',(3.46944695195361E-15,0.,1.));
#2470=DIRECTION('',(0.,-1.,0.));
#2471=DIRECTION('',(1.,0.,-3.46944695195361E-15));
#2472=DIRECTION('',(-3.46944695195361E-15,0.,-1.));
#2473=DIRECTION('',(0.,0.,1.));
#2474=DIRECTION('',(-1.,0.,0.));
#2475=DIRECTION('',(0.,0.,1.));
#2476=DIRECTION('',(0.,1.,0.));
#2477=DIRECTION('',(0.,0.,-1.));
#2478=DIRECTION('',(0.,-1.,0.));
#2479=DIRECTION('',(-1.,0.,0.));
#2480=DIRECTION('',(0.,0.,1.));
#2481=DIRECTION('',(0.,1.,0.));
#2482=DIRECTION('',(-1.,0.,0.));
#2483=DIRECTION('',(0.,0.,1.));
#2484=DIRECTION('',(0.,0.,-1.));
#2485=DIRECTION('',(0.,-1.,0.));
#2486=DIRECTION('',(0.,0.,-1.));
#2487=DIRECTION('',(-1.,0.,0.));
#2488=DIRECTION('',(0.,0.,1.));
#2489=DIRECTION('',(0.,-1.,0.));
#2490=DIRECTION('',(0.,0.,-1.));
#2491=DIRECTION('',(1.,0.,0.));
#2492=DIRECTION('',(0.,0.,1.));
#2493=DIRECTION('',(0.,-1.,0.));
#2494=DIRECTION('',(0.,0.,-1.));
#2495=DIRECTION('',(0.,-1.,0.));
#2496=DIRECTION('',(0.,0.,-1.));
#2497=DIRECTION('',(0.,-1.,0.));
#2498=DIRECTION('',(1.,0.,0.));
#2499=DIRECTION('',(0.,0.,1.));
#2500=DIRECTION('',(0.,0.,-1.));
#2501=DIRECTION('',(0.,1.,0.));
#2502=DIRECTION('',(0.,-1.,0.));
#2503=DIRECTION('',(-1.,0.,0.));
#2504=DIRECTION('',(0.,0.,1.));
#2505=DIRECTION('',(0.,1.,0.));
#2506=DIRECTION('',(-1.,0.,0.));
#2507=DIRECTION('',(1.,0.,0.));
#2508=DIRECTION('',(0.,0.,1.));
#2509=DIRECTION('',(1.,0.,0.));
#2510=DIRECTION('',(1.,0.,0.));
#2511=DIRECTION('',(0.,1.,0.));
#2512=DIRECTION('',(-1.,-1.16620469860402E-17,0.));
#2513=DIRECTION('',(1.37908487691837E-16,-1.,0.));
#2514=DIRECTION('',(1.,0.,0.));
#2515=DIRECTION('',(1.91376759371122E-16,-1.,0.));
#2516=DIRECTION('',(-1.,0.,0.));
#2517=DIRECTION('',(0.,0.,1.));
#2518=DIRECTION('',(1.,0.,0.));
#2519=DIRECTION('',(1.,0.,0.));
#2520=DIRECTION('',(0.,-1.,0.));
#2521=DIRECTION('',(0.,0.,1.));
#2522=DIRECTION('',(0.,0.,-1.));
#2523=DIRECTION('',(0.,-1.,0.));
#2524=DIRECTION('',(0.,0.,1.));
#2525=DIRECTION('',(-1.,0.,0.));
#2526=DIRECTION('',(-9.25185853854301E-15,0.,-1.));
#2527=DIRECTION('',(1.,0.,0.));
#2528=DIRECTION('',(-1.,0.,0.));
#2529=DIRECTION('',(-9.25185853854301E-15,0.,-1.));
#2530=DIRECTION('',(1.,0.,0.));
#2531=DIRECTION('',(0.,0.,-1.));
#2532=DIRECTION('',(-1.,0.,0.));
#2533=DIRECTION('',(0.,0.,-1.));
#2534=DIRECTION('',(1.,0.,0.));
#2535=DIRECTION('',(0.,0.,1.));
#2536=DIRECTION('',(-1.,0.,0.));
#2537=DIRECTION('',(0.,0.,-1.));
#2538=DIRECTION('',(1.,0.,0.));
#2539=DIRECTION('',(0.,-1.,0.));
#2540=DIRECTION('',(0.,0.,1.));
#2541=DIRECTION('',(0.,0.,-1.));
#2542=DIRECTION('',(0.,-1.,0.));
#2543=DIRECTION('',(0.,0.,1.));
#2544=DIRECTION('',(0.,1.,0.));
#2545=DIRECTION('',(0.,0.,1.));
#2546=DIRECTION('',(0.,-1.,0.));
#2547=DIRECTION('',(-1.,0.,9.25185853854301E-15));
#2548=DIRECTION('',(0.,0.,1.));
#2549=DIRECTION('',(9.25185853854301E-15,0.,1.));
#2550=DIRECTION('',(0.,-1.,0.));
#2551=DIRECTION('',(-9.25185853854301E-15,0.,-1.));
#2552=DIRECTION('',(-1.,0.,9.25185853854301E-15));
#2553=DIRECTION('',(9.25648446781224E-15,0.,1.));
#2554=DIRECTION('',(-9.25185853854301E-15,0.,-1.));
#2555=DIRECTION('',(-1.,0.,9.25185853854301E-15));
#2556=DIRECTION('',(0.,0.,1.));
#2557=DIRECTION('',(0.,-1.,0.));
#2558=DIRECTION('',(0.,-1.,0.));
#2559=DIRECTION('',(-1.,0.,9.25185853854301E-15));
#2560=DIRECTION('',(9.25648446781224E-15,0.,1.));
#2561=DIRECTION('',(-1.,0.,0.));
#2562=DIRECTION('',(1.,0.,0.));
#2563=DIRECTION('',(0.,0.,-1.));
#2564=DIRECTION('',(-1.,0.,0.));
#2565=DIRECTION('',(1.,0.,0.));
#2566=DIRECTION('',(0.,0.,-1.));
#2567=DIRECTION('',(-1.,0.,0.));
#2568=DIRECTION('',(1.,0.,0.));
#2569=DIRECTION('',(-1.,0.,0.));
#2570=DIRECTION('',(0.,0.,1.));
#2571=DIRECTION('',(1.,0.,0.));
#2572=DIRECTION('',(-1.,0.,0.));
#2573=DIRECTION('',(0.,0.,1.));
#2574=DIRECTION('',(1.,0.,0.));
#2575=DIRECTION('',(0.,-1.,0.));
#2576=DIRECTION('',(0.,0.,-1.));
#2577=DIRECTION('',(-1.,0.,0.));
#2578=DIRECTION('',(0.,0.,-1.));
#2579=DIRECTION('',(1.,0.,0.));
#2580=DIRECTION('',(0.,0.,-1.));
#2581=DIRECTION('',(-1.,0.,0.));
#2582=DIRECTION('',(0.,0.,1.));
#2583=DIRECTION('',(1.,0.,0.));
#2584=DIRECTION('',(0.,0.,-1.));
#2585=DIRECTION('',(-1.,0.,0.));
#2586=DIRECTION('',(0.,0.,-1.));
#2587=DIRECTION('',(1.,0.,0.));
#2588=DIRECTION('',(-9.25185853854301E-15,0.,-1.));
#2589=DIRECTION('',(-1.,0.,0.));
#2590=DIRECTION('',(0.,0.,-1.));
#2591=DIRECTION('',(0.,-1.,0.));
#2592=DIRECTION('',(-0.999999999999999,0.,0.));
#2593=DIRECTION('',(0.,-1.,0.));
#2594=DIRECTION('',(0.,0.,-1.));
#2595=DIRECTION('',(0.,-1.,0.));
#2596=DIRECTION('',(0.,0.,-1.));
#2597=DIRECTION('',(0.,0.,-1.));
#2598=DIRECTION('',(0.,1.,0.));
#2599=DIRECTION('',(0.,0.,1.));
#2600=DIRECTION('',(0.,1.,0.));
#2601=DIRECTION('',(0.,0.,1.));
#2602=DIRECTION('',(0.,1.,0.));
#2603=DIRECTION('',(0.,0.,1.));
#2604=DIRECTION('',(4.00320802148492E-15,0.,-1.));
#2605=DIRECTION('',(-1.,0.,0.));
#2606=DIRECTION('',(0.,0.,-1.));
#2607=DIRECTION('',(0.,1.,0.));
#2608=DIRECTION('',(0.,0.,1.));
#2609=DIRECTION('',(0.,-1.,0.));
#2610=DIRECTION('',(0.,0.,1.));
#2611=DIRECTION('',(0.,1.,0.));
#2612=DIRECTION('',(0.,0.,1.));
#2613=DIRECTION('',(0.,0.,-1.));
#2614=DIRECTION('',(-1.,0.,0.));
#2615=DIRECTION('',(0.,1.,0.));
#2616=DIRECTION('',(0.,0.,1.));
#2617=DIRECTION('',(4.16511929453365E-15,0.,-1.));
#2618=DIRECTION('',(-1.,0.,0.));
#2619=DIRECTION('',(0.,0.,1.));
#2620=DIRECTION('',(0.,1.,0.));
#2621=DIRECTION('',(0.,0.,1.));
#2622=DIRECTION('',(0.,-1.,0.));
#2623=DIRECTION('',(0.,0.,1.));
#2624=DIRECTION('',(0.,1.,0.));
#2625=DIRECTION('',(0.,0.,1.));
#2626=DIRECTION('',(0.,0.,-1.));
#2627=DIRECTION('',(-1.,0.,0.));
#2628=DIRECTION('',(0.,0.,-1.));
#2629=DIRECTION('',(0.,1.,0.));
#2630=DIRECTION('',(0.,0.,1.));
#2631=DIRECTION('',(0.,-1.,0.));
#2632=DIRECTION('',(0.,0.,1.));
#2633=DIRECTION('',(0.,-1.,0.));
#2634=DIRECTION('',(0.,0.,-1.));
#2635=DIRECTION('',(0.,0.,-1.));
#2636=DIRECTION('',(1.91376759371122E-16,-1.,0.));
#2637=DIRECTION('',(1.91376759371122E-16,-1.,0.));
#2638=DIRECTION('',(1.91376759371122E-16,-1.,0.));
#2639=DIRECTION('',(1.91376759371122E-16,-1.,0.));
#2640=DIRECTION('',(-1.,-1.91376759371122E-16,0.));
#2641=DIRECTION('',(-1.89735380184963E-16,1.,0.));
#2642=DIRECTION('',(1.,1.91376759371122E-16,0.));
#2643=DIRECTION('',(-1.91375235970848E-16,1.,0.));
#2644=DIRECTION('',(0.,-1.,0.));
#2645=DIRECTION('',(1.91376759371122E-16,-1.,0.));
#2646=DIRECTION('',(1.,1.91376759371122E-16,0.));
#2647=DIRECTION('',(-1.91375235970848E-16,1.,0.));
#2648=DIRECTION('',(0.,0.,-1.));
#2649=DIRECTION('',(1.37908487691837E-16,-1.,0.));
#2650=DIRECTION('',(-1.37908487691837E-16,1.,0.));
#2651=DIRECTION('',(-1.,-1.37908487691837E-16,0.));
#2652=DIRECTION('',(-1.0842021724855E-16,1.,0.));
#2653=DIRECTION('',(0.,0.,1.));
#2654=DIRECTION('',(-1.37908487691837E-16,1.,0.));
#2655=DIRECTION('',(1.,1.37908487691837E-16,0.));
#2656=DIRECTION('',(-1.37910516340156E-16,1.,0.));
#2657=DIRECTION('',(1.,1.16620469860402E-17,0.));
#2658=DIRECTION('',(0.,-1.,0.));
#2659=DIRECTION('',(-1.37908487691837E-16,1.,0.));
#2660=DIRECTION('',(0.,0.,1.));
#2661=DIRECTION('',(-1.,0.,0.));
#2662=DIRECTION('',(1.,-1.08420010708023E-16,0.));
#2663=DIRECTION('',(0.,0.,1.));
#2664=DIRECTION('',(-1.,0.,0.));
#2665=DIRECTION('',(-1.,1.08420010708023E-16,0.));
#2666=DIRECTION('',(0.,0.,1.));
#2667=DIRECTION('',(-1.,0.,0.));
#2668=DIRECTION('',(1.,0.,0.));
#2669=DIRECTION('',(0.,0.,1.));
#2670=DIRECTION('',(-1.,0.,0.));
#2671=DIRECTION('',(-1.,0.,0.));
#2672=DIRECTION('',(0.,0.,1.));
#2673=DIRECTION('',(-1.,0.,0.));
#2674=DIRECTION('',(1.,0.,0.));
#2675=DIRECTION('',(0.,0.,1.));
#2676=DIRECTION('',(-1.,0.,0.));
#2677=DIRECTION('',(-1.,0.,0.));
#2678=DIRECTION('',(0.,0.,1.));
#2679=DIRECTION('',(1.,0.,0.));
#2680=DIRECTION('',(1.,1.91376759371122E-16,0.));
#2681=DIRECTION('',(-1.89735380184963E-16,1.,0.));
#2682=DIRECTION('',(0.,0.,1.));
#2683=DIRECTION('',(1.91376759371122E-16,-1.,0.));
#2684=DIRECTION('',(1.,1.91376759371122E-16,0.));
#2685=DIRECTION('',(-1.91375235970848E-16,1.,0.));
#2686=DIRECTION('',(0.,-1.,0.));
#2687=DIRECTION('',(0.,1.,0.));
#2688=DIRECTION('',(-1.,0.,0.));
#2689=DIRECTION('',(0.,0.,1.));
#2690=DIRECTION('',(0.,1.,0.));
#2691=DIRECTION('',(0.,0.,1.));
#2692=DIRECTION('',(0.,-1.,0.));
#2693=DIRECTION('',(0.,0.,-1.));
#2694=DIRECTION('',(1.,0.,0.));
#2695=DIRECTION('',(0.,0.,1.));
#2696=DIRECTION('',(0.,-1.,0.));
#2697=DIRECTION('',(1.,0.,0.));
#2698=DIRECTION('',(0.,0.,1.));
#2699=DIRECTION('',(0.,0.,1.));
#2700=DIRECTION('',(0.,-1.,0.));
#2701=DIRECTION('',(-1.,0.,0.));
#2702=DIRECTION('',(0.,0.,1.));
#2703=DIRECTION('',(-1.,-1.16620469860402E-17,0.));
#2704=DIRECTION('',(0.,0.,1.));
#2705=DIRECTION('',(1.,1.16620469860402E-17,0.));
#2706=DIRECTION('',(0.,0.,-1.));
#2707=DIRECTION('',(1.16620469860402E-17,-1.,0.));
#2708=DIRECTION('',(1.,0.,0.));
#2709=DIRECTION('',(1.16620469860402E-17,-1.,0.));
#2710=DIRECTION('',(1.,1.17093834628434E-17,0.));
#2711=DIRECTION('',(0.,0.,-1.));
#2712=DIRECTION('',(0.,0.,1.));
#2713=DIRECTION('',(-1.,0.,0.));
#2714=DIRECTION('',(0.,0.,-1.));
#2715=DIRECTION('',(0.,0.,-1.));
#2716=DIRECTION('',(-1.,0.,0.));
#2717=DIRECTION('',(1.,0.,0.));
#2718=DIRECTION('',(0.,0.,-1.));
#2719=DIRECTION('',(0.,1.,0.));
#2720=DIRECTION('',(0.,0.,1.));
#2721=DIRECTION('',(0.,0.,1.));
#2722=DIRECTION('',(-1.,0.,0.));
#2723=DIRECTION('',(0.,0.,-1.));
#2724=DIRECTION('',(0.,0.,-1.));
#2725=DIRECTION('',(-1.,0.,0.));
#2726=DIRECTION('',(0.,0.,-1.));
#2727=DIRECTION('',(0.,0.,1.));
#2728=DIRECTION('',(-1.,0.,0.));
#2729=DIRECTION('',(0.,0.,-1.));
#2730=DIRECTION('',(0.,0.,-1.));
#2731=DIRECTION('',(-1.,0.,0.));
#2732=DIRECTION('',(1.,0.,0.));
#2733=DIRECTION('',(0.,0.,-1.));
#2734=DIRECTION('',(0.,1.,0.));
#2735=DIRECTION('',(0.,0.,1.));
#2736=DIRECTION('',(0.,0.,1.));
#2737=DIRECTION('',(-1.,0.,0.));
#2738=DIRECTION('',(0.,0.,-1.));
#2739=DIRECTION('',(0.,0.,-1.));
#2740=DIRECTION('',(-1.,0.,0.));
#2741=DIRECTION('',(0.,0.,-1.));
#2742=DIRECTION('',(0.,0.,1.));
#2743=DIRECTION('',(-1.,0.,0.));
#2744=DIRECTION('',(0.,0.,-1.));
#2745=DIRECTION('',(0.,0.,-1.));
#2746=DIRECTION('',(-1.,0.,0.));
#2747=DIRECTION('',(1.,-1.08420010708023E-16,0.));
#2748=DIRECTION('',(0.,0.,-1.));
#2749=DIRECTION('',(1.08420010708023E-16,1.,0.));
#2750=DIRECTION('',(-1.,1.0842021724855E-16,0.));
#2751=DIRECTION('',(0.,0.,1.));
#2752=DIRECTION('',(-1.,0.,0.));
#2753=DIRECTION('',(0.,0.,-1.));
#2754=DIRECTION('',(0.,0.,-1.));
#2755=DIRECTION('',(-1.,0.,0.));
#2756=DIRECTION('',(-1.,0.,0.));
#2757=DIRECTION('',(0.,-1.,0.));
#2758=DIRECTION('',(0.,0.,-1.));
#2759=DIRECTION('',(-1.,1.08420010708023E-16,0.));
#2760=DIRECTION('',(-1.08420010708023E-16,-1.,0.));
#2761=DIRECTION('',(1.,-1.0842021724855E-16,0.));
#2762=DIRECTION('',(-1.,0.,0.));
#2763=DIRECTION('',(0.,-1.,0.));
#2764=DIRECTION('',(0.,0.,-1.));
#2765=DIRECTION('',(0.,0.,1.));
#2766=DIRECTION('',(1.,0.,0.));
#2767=DIRECTION('',(0.,-1.,0.));
#2768=DIRECTION('',(0.,0.,-1.));
#2769=DIRECTION('',(-1.,0.,0.));
#2770=DIRECTION('',(0.,-1.,0.));
#2771=DIRECTION('',(1.,0.,0.));
#2772=DIRECTION('',(0.,0.,-1.));
#2773=DIRECTION('',(0.,0.,1.));
#2774=DIRECTION('',(1.,0.,0.));
#2775=DIRECTION('',(0.,-1.,0.));
#2776=DIRECTION('',(-1.,0.,0.));
#2777=DIRECTION('',(1.15648231731787E-15,-1.,-3.92211648136647E-30));
#2778=DIRECTION('',(-1.,0.,3.39141932620525E-15));
#2779=DIRECTION('',(1.,0.,0.));
#2780=DIRECTION('',(0.,0.,-1.));
#2781=DIRECTION('',(-1.,0.,0.));
#2782=DIRECTION('',(0.,0.,1.));
#2783=DIRECTION('',(1.,0.,0.));
#2784=DIRECTION('',(0.,0.,-1.));
#2785=DIRECTION('',(0.,0.,-1.));
#2786=DIRECTION('',(0.,-1.,0.));
#2787=DIRECTION('',(1.,0.,0.));
#2788=DIRECTION('',(0.,0.,-1.));
#2789=DIRECTION('',(-1.,0.,0.));
#2790=DIRECTION('',(-1.,0.,0.));
#2791=DIRECTION('',(1.,0.,-3.39141932620526E-15));
#2792=DIRECTION('',(1.15648231731787E-15,-1.,-3.92211648136647E-30));
#2793=DIRECTION('',(0.,0.,1.));
#2794=DIRECTION('',(1.,0.,0.));
#2795=DIRECTION('',(1.,0.,0.));
#2796=DIRECTION('',(0.,0.,-1.));
#2797=DIRECTION('',(1.,0.,0.));
#2798=DIRECTION('',(-1.,0.,0.));
#2799=DIRECTION('',(0.,0.,-1.));
#2800=DIRECTION('',(0.,1.,0.));
#2801=DIRECTION('',(0.,0.,1.));
#2802=DIRECTION('',(0.,-1.,0.));
#2803=DIRECTION('',(0.,-1.,0.));
#2804=DIRECTION('',(-1.,0.,9.25185853854301E-15));
#2805=DIRECTION('',(9.25648446781224E-15,0.,1.));
#2806=DIRECTION('',(0.,0.,-1.));
#2807=DIRECTION('',(-1.,0.,0.));
#2808=DIRECTION('',(0.,0.,1.));
#2809=DIRECTION('',(1.,0.,0.));
#2810=DIRECTION('',(0.,0.,-1.));
#2811=DIRECTION('',(-1.,-1.15648231731787E-15,0.));
#2812=DIRECTION('',(1.15706055847653E-15,-1.,0.));
#2813=DIRECTION('',(0.,1.,0.));
#2814=DIRECTION('',(0.,0.,1.));
#2815=DIRECTION('',(0.,1.,0.));
#2816=DIRECTION('',(0.,0.,1.));
#2817=DIRECTION('',(1.110223024625E-16,1.,-3.512731701424E-15));
#2818=DIRECTION('',(-1.110223024625E-16,-1.,3.512731701424E-15));
#2819=DIRECTION('',(-1.110223024625E-16,-1.,3.512731701424E-15));
#2820=DIRECTION('',(0.,-3.28190927887504E-15,-1.));
#2821=DIRECTION('',(0.,-1.,0.));
#2822=DIRECTION('',(-1.,0.,0.));
#2823=DIRECTION('',(0.,-1.,0.));
#2824=DIRECTION('',(0.,0.,-1.));
#2825=DIRECTION('',(-1.,0.,0.));
#2826=DIRECTION('',(4.16511929453365E-15,0.,-1.));
#2827=DIRECTION('',(0.,-1.,0.));
#2828=DIRECTION('',(0.,0.,1.));
#2829=DIRECTION('',(0.,-1.,0.));
#2830=DIRECTION('',(0.,0.,1.));
#2831=DIRECTION('',(0.,0.,1.));
#2832=DIRECTION('',(0.,1.,0.));
#2833=DIRECTION('',(0.,0.,1.));
#2834=DIRECTION('',(-1.46309465861211E-29,-1.,3.512731701424E-15));
#2835=DIRECTION('',(-1.,0.,-4.16511929453365E-15));
#2836=DIRECTION('',(-4.16333634234434E-15,0.,1.));
#2837=DIRECTION('',(0.,1.,-3.512731701424E-15));
#2838=DIRECTION('',(1.,0.,0.));
#2839=DIRECTION('',(0.,0.,-1.));
#2840=DIRECTION('',(-1.110223024625E-16,-1.,3.512731701424E-15));
#2841=DIRECTION('',(0.,-5.78241158658936E-15,-1.));
#2842=DIRECTION('',(-1.110223024625E-16,-1.,3.512731701424E-15));
#2843=DIRECTION('',(0.,-5.78241158658936E-15,-1.));
#2844=DIRECTION('',(-1.,0.,0.));
#2845=DIRECTION('',(0.,1.,0.));
#2846=DIRECTION('',(0.,1.,0.));
#2847=DIRECTION('',(0.,0.,-1.));
#2848=DIRECTION('',(-1.,0.,0.));
#2849=DIRECTION('',(0.,0.,1.));
#2850=DIRECTION('',(0.,-1.,0.));
#2851=DIRECTION('',(0.,0.,1.));
#2852=DIRECTION('',(0.,1.,0.));
#2853=DIRECTION('',(0.,0.,1.));
#2854=DIRECTION('',(0.,-1.,0.));
#2855=DIRECTION('',(0.,0.,1.));
#2856=DIRECTION('',(0.,0.,1.));
#2857=DIRECTION('',(0.,1.,0.));
#2858=DIRECTION('',(0.,0.,1.));
#2859=DIRECTION('',(1.110223024625E-16,1.,-3.512731701424E-15));
#2860=DIRECTION('',(-1.110223024625E-16,-1.,3.512731701424E-15));
#2861=DIRECTION('',(-1.110223024625E-16,-1.,3.512731701424E-15));
#2862=DIRECTION('',(0.,-3.28190927887504E-15,-1.));
#2863=DIRECTION('',(0.,-1.,3.512731701424E-15));
#2864=DIRECTION('',(-1.,0.,0.));
#2865=DIRECTION('',(0.,0.,1.));
#2866=DIRECTION('',(0.,1.,-3.512731701424E-15));
#2867=DIRECTION('',(1.,0.,0.));
#2868=DIRECTION('',(0.,0.,-1.));
#2869=DIRECTION('',(-1.110223024625E-16,-1.,3.512731701424E-15));
#2870=DIRECTION('',(0.,-5.78241158658936E-15,-1.));
#2871=DIRECTION('',(-1.110223024625E-16,-1.,3.512731701424E-15));
#2872=DIRECTION('',(0.,-5.78241158658936E-15,-1.));
#2873=DIRECTION('',(0.,1.,0.));
#2874=DIRECTION('',(-1.,0.,0.));
#2875=DIRECTION('',(0.,-1.,0.));
#2876=DIRECTION('',(0.,0.,-1.));
#2877=DIRECTION('',(-1.,0.,0.));
#2878=DIRECTION('',(0.,1.,0.));
#2879=DIRECTION('',(0.,0.,1.));
#2880=DIRECTION('',(0.,-1.,0.));
#2881=DIRECTION('',(0.,0.,1.));
#2882=DIRECTION('',(0.,0.,1.));
#2883=DIRECTION('',(0.,0.,-1.));
#2884=DIRECTION('',(0.,-1.,0.));
#2885=DIRECTION('',(0.,0.,1.));
#2886=DIRECTION('',(0.,1.,0.));
#2887=DIRECTION('',(0.,0.,1.));
#2888=DIRECTION('',(-1.110223024625E-16,-1.,3.512731701424E-15));
#2889=DIRECTION('',(1.110223024625E-16,1.,-3.512731701424E-15));
#2890=DIRECTION('',(-1.110223024625E-16,-1.,3.512731701424E-15));
#2891=DIRECTION('',(0.,-3.28190927887504E-15,-1.));
#2892=DIRECTION('',(0.,1.,-3.512731701424E-15));
#2893=DIRECTION('',(1.,0.,0.));
#2894=DIRECTION('',(0.,0.,-1.));
#2895=DIRECTION('',(0.,-1.,3.512731701424E-15));
#2896=DIRECTION('',(-1.,0.,0.));
#2897=DIRECTION('',(0.,0.,1.));
#2898=DIRECTION('',(-1.110223024625E-16,-1.,3.512731701424E-15));
#2899=DIRECTION('',(0.,-5.78241158658936E-15,-1.));
#2900=DIRECTION('',(-1.110223024625E-16,-1.,3.512731701424E-15));
#2901=DIRECTION('',(0.,-5.78241158658936E-15,-1.));
#2902=DIRECTION('',(0.,1.,0.));
#2903=DIRECTION('',(-1.,0.,0.));
#2904=DIRECTION('',(0.,-1.,0.));
#2905=DIRECTION('',(0.,0.,-1.));
#2906=DIRECTION('',(-1.,0.,0.));
#2907=DIRECTION('',(0.,-1.,0.));
#2908=DIRECTION('',(0.,0.,1.));
#2909=DIRECTION('',(0.,-1.,0.));
#2910=DIRECTION('',(0.,0.,1.));
#2911=DIRECTION('',(0.,0.,-1.));
#2912=DIRECTION('',(4.00320802148492E-15,0.,-1.));
#2913=DIRECTION('',(0.,-1.,0.));
#2914=DIRECTION('',(0.,0.,1.));
#2915=DIRECTION('',(0.,1.,0.));
#2916=DIRECTION('',(0.,0.,1.));
#2917=DIRECTION('',(-1.110223024625E-16,-1.,3.512731701424E-15));
#2918=DIRECTION('',(1.110223024625E-16,1.,-3.512731701424E-15));
#2919=DIRECTION('',(-1.110223024625E-16,-1.,3.512731701424E-15));
#2920=DIRECTION('',(0.,-3.28190927887504E-15,-1.));
#2921=DIRECTION('',(0.,1.,-3.512731701424E-15));
#2922=DIRECTION('',(1.,0.,0.));
#2923=DIRECTION('',(0.,0.,-1.));
#2924=DIRECTION('',(-1.40621957244649E-29,-1.,3.512731701424E-15));
#2925=DIRECTION('',(-1.,0.,-4.00320802148492E-15));
#2926=DIRECTION('',(-4.00374178255447E-15,0.,1.));
#2927=DIRECTION('',(-1.110223024625E-16,-1.,3.512731701424E-15));
#2928=DIRECTION('',(0.,-5.78241158658936E-15,-1.));
#2929=DIRECTION('',(-1.110223024625E-16,-1.,3.512731701424E-15));
#2930=DIRECTION('',(0.,-5.78241158658936E-15,-1.));
#2931=DIRECTION('',(1.,0.,0.));
#2932=DIRECTION('',(0.,0.,1.));
#2933=DIRECTION('',(1.,0.,0.));
#2934=DIRECTION('',(0.,0.,1.));
#2935=DIRECTION('',(-1.,0.,0.));
#2936=DIRECTION('',(0.,-1.,0.));
#2937=DIRECTION('',(0.,0.,-1.));
#2938=DIRECTION('',(-1.,0.,0.));
#2939=DIRECTION('',(0.,0.,-1.));
#2940=DIRECTION('',(-1.,0.,0.));
#2941=DIRECTION('',(1.,0.,0.));
#2942=DIRECTION('',(0.,0.,-1.));
#2943=DIRECTION('',(0.,1.,0.));
#2944=DIRECTION('',(0.,0.,1.));
#2945=DIRECTION('',(1.,0.,0.));
#2946=DIRECTION('',(0.,1.,0.));
#2947=DIRECTION('',(-1.,0.,0.));
#2948=DIRECTION('',(0.,0.,-1.));
#2949=DIRECTION('',(-1.,0.,0.));
#2950=DIRECTION('',(-1.,0.,0.));
#2951=DIRECTION('',(1.37908487691837E-16,-1.,0.));
#2952=DIRECTION('',(0.,0.,1.));
#2953=DIRECTION('',(1.,0.,0.));
#2954=DIRECTION('',(0.,1.,0.));
#2955=DIRECTION('',(0.,0.,1.));
#2956=DIRECTION('',(0.,1.,0.));
#2957=DIRECTION('',(0.,0.,1.));
#2958=DIRECTION('',(0.,-1.,0.));
#2959=DIRECTION('',(0.,0.,1.));
#2960=DIRECTION('',(0.,1.,0.));
#2961=DIRECTION('',(0.,0.,1.));
#2962=DIRECTION('',(0.,1.,0.));
#2963=DIRECTION('',(0.,0.,1.));
#2964=DIRECTION('',(0.,1.,0.));
#2965=DIRECTION('',(0.,0.,1.));
#2966=DIRECTION('',(0.,-1.,0.));
#2967=DIRECTION('',(0.,0.,1.));
#2968=DIRECTION('',(0.,1.,0.));
#2969=DIRECTION('',(0.,0.,1.));
#2970=DIRECTION('',(0.,1.,0.));
#2971=DIRECTION('',(0.,0.,-1.));
#2972=DIRECTION('',(0.,1.,0.));
#2973=DIRECTION('',(0.,0.,1.));
#2974=DIRECTION('',(0.,-1.,0.));
#2975=DIRECTION('',(0.,0.,-1.));
#2976=DIRECTION('',(0.,-1.,0.));
#2977=DIRECTION('',(0.,0.,-1.));
#2978=DIRECTION('',(0.,1.,0.));
#2979=DIRECTION('',(0.,-4.46433644019085E-17,1.));
#2980=DIRECTION('',(0.,1.,0.));
#2981=DIRECTION('',(0.,6.30340046049866E-17,1.));
#2982=DIRECTION('',(0.,1.,0.));
#2983=DIRECTION('',(0.,6.30340046049874E-17,1.));
#2984=DIRECTION('',(0.,-1.,0.));
#2985=DIRECTION('',(0.,0.,-1.));
#2986=DIRECTION('',(0.,-1.,0.));
#2987=DIRECTION('',(0.,0.,-1.));
#2988=DIRECTION('',(1.,0.,0.));
#2989=DIRECTION('',(0.,0.,-1.));
#2990=DIRECTION('',(-1.,0.,0.));
#2991=DIRECTION('',(0.,0.,1.));
#2992=DIRECTION('',(-1.,0.,0.));
#2993=DIRECTION('',(0.,0.,1.));
#2994=DIRECTION('',(0.,1.,0.));
#2995=DIRECTION('',(0.,0.,1.));
#2996=DIRECTION('',(0.,-1.,0.));
#2997=DIRECTION('',(0.,0.,-1.));
#2998=DIRECTION('',(1.,0.,0.));
#2999=DIRECTION('',(0.,0.,-1.));
#3000=DIRECTION('',(-1.,0.,0.));
#3001=DIRECTION('',(0.,0.,1.));
#3002=DIRECTION('',(0.,0.,-1.));
#3003=DIRECTION('',(1.,0.,0.));
#3004=DIRECTION('',(0.,0.,1.));
#3005=DIRECTION('',(1.,0.,0.));
#3006=DIRECTION('',(-1.,0.,0.));
#3007=DIRECTION('',(0.,0.,1.));
#3008=DIRECTION('',(-1.,0.,0.));
#3009=DIRECTION('',(0.,0.,1.));
#3010=DIRECTION('',(0.,0.,-1.));
#3011=DIRECTION('',(-1.,0.,0.));
#3012=DIRECTION('',(0.,0.,-1.));
#3013=DIRECTION('',(-1.,0.,0.));
#3014=DIRECTION('',(-1.,0.,0.));
#3015=DIRECTION('',(0.,0.,1.));
#3016=DIRECTION('',(1.,0.,0.));
#3017=DIRECTION('',(0.,0.,-1.));
#3018=DIRECTION('',(0.,1.,0.));
#3019=DIRECTION('',(0.,0.,-1.));
#3020=DIRECTION('',(-1.,0.,0.));
#3021=DIRECTION('',(0.,0.,1.));
#3022=DIRECTION('',(-1.,0.,0.));
#3023=DIRECTION('',(0.,0.,1.));
#3024=DIRECTION('',(-1.,0.,0.));
#3025=DIRECTION('',(0.,0.,1.));
#3026=DIRECTION('',(0.,1.,0.));
#3027=DIRECTION('',(0.,0.,1.));
#3028=DIRECTION('',(0.,-1.,0.));
#3029=DIRECTION('',(0.,0.,-1.));
#3030=DIRECTION('',(-1.,0.,0.));
#3031=DIRECTION('',(0.,0.,1.));
#3032=DIRECTION('',(-1.,0.,0.));
#3033=DIRECTION('',(0.,0.,1.));
#3034=DIRECTION('',(0.,0.,1.));
#3035=DIRECTION('',(-1.,0.,0.));
#3036=DIRECTION('',(-1.,0.,0.));
#3037=DIRECTION('',(0.,0.,1.));
#3038=DIRECTION('',(1.,0.,0.));
#3039=DIRECTION('',(0.,0.,-1.));
#3040=DIRECTION('',(1.,0.,0.));
#3041=DIRECTION('',(0.,0.,-1.));
#3042=DIRECTION('',(0.,0.,1.));
#3043=DIRECTION('',(1.,0.,0.));
#3044=DIRECTION('',(0.,0.,-1.));
#3045=DIRECTION('',(-1.,0.,0.));
#3046=DIRECTION('',(1.,0.,0.));
#3047=DIRECTION('',(0.,0.,-1.));
#3048=DIRECTION('',(1.,0.,0.));
#3049=DIRECTION('',(0.,0.,-1.));
#3050=DIRECTION('',(1.,1.37908487691837E-16,0.));
#3051=DIRECTION('',(-1.62630325872826E-16,1.,0.));
#3052=DIRECTION('',(-1.,0.,0.));
#3053=DIRECTION('',(0.,0.,1.));
#3054=DIRECTION('',(0.,1.,0.));
#3055=DIRECTION('',(0.,0.,1.));
#3056=DIRECTION('',(-1.37908487691837E-16,1.,0.));
#3057=DIRECTION('',(-1.,-1.37908487691837E-16,0.));
#3058=DIRECTION('',(0.,1.,0.));
#3059=DIRECTION('',(0.,0.,-1.));
#3060=DIRECTION('',(0.,-1.,0.));
#3061=DIRECTION('',(0.,0.,-1.));
#3062=DIRECTION('',(0.,0.,1.));
#3063=DIRECTION('',(-1.,0.,0.));
#3064=DIRECTION('',(1.,1.37908487691837E-16,0.));
#3065=DIRECTION('',(-1.44560289664734E-16,1.,0.));
#3066=DIRECTION('',(0.,1.,0.));
#3067=DIRECTION('',(0.,0.,1.));
#3068=DIRECTION('',(0.,-1.,0.));
#3069=DIRECTION('',(0.,0.,-1.));
#3070=DIRECTION('',(-1.,0.,-5.42101086242752E-17));
#3071=DIRECTION('',(-5.42101086242752E-17,0.,1.));
#3072=DIRECTION('',(1.,0.,0.));
#3073=DIRECTION('',(0.,0.,-1.));
#3074=DIRECTION('',(0.,0.,1.));
#3075=DIRECTION('',(1.,0.,0.));
#3076=DIRECTION('',(0.,0.,1.));
#3077=DIRECTION('',(1.,0.,0.));
#3078=DIRECTION('',(0.,1.,0.));
#3079=DIRECTION('',(0.,0.,1.));
#3080=DIRECTION('',(0.,1.,0.));
#3081=DIRECTION('',(0.,0.,1.));
#3082=DIRECTION('',(0.,0.,-1.));
#3083=DIRECTION('',(1.,0.,0.));
#3084=DIRECTION('',(0.,0.,-1.));
#3085=DIRECTION('',(-1.,0.,0.));
#3086=DIRECTION('',(0.,0.,-1.));
#3087=DIRECTION('',(-1.,0.,0.));
#3088=DIRECTION('',(1.,0.,0.));
#3089=DIRECTION('',(0.,0.,-1.));
#3090=DIRECTION('',(1.,0.,0.));
#3091=DIRECTION('',(0.,0.,-1.));
#3092=DIRECTION('',(0.,1.,0.));
#3093=DIRECTION('',(0.,0.,-1.));
#3094=DIRECTION('',(0.,-1.,0.));
#3095=DIRECTION('',(0.,0.,-1.));
#3096=DIRECTION('',(-1.,0.,0.));
#3097=DIRECTION('',(0.,0.,-1.));
#3098=DIRECTION('',(1.,0.,0.));
#3099=DIRECTION('',(0.,0.,-1.));
#3100=DIRECTION('',(-1.,5.42101086242752E-17,0.));
#3101=DIRECTION('',(-5.42101086242752E-17,-1.,0.));
#3102=DIRECTION('',(1.,1.16620469860402E-17,0.));
#3103=DIRECTION('',(-1.16620469860402E-17,1.,0.));
#3104=DIRECTION('',(-2.16840434497101E-16,1.,2.16840434497101E-16));
#3105=DIRECTION('',(-1.,-2.16840434497101E-16,0.));
#3106=DIRECTION('',(-1.37908487691837E-16,1.,0.));
#3107=DIRECTION('',(-1.,-1.37908487691837E-16,0.));
#3108=DIRECTION('',(0.,1.,0.));
#3109=DIRECTION('',(0.,0.,1.));
#3110=DIRECTION('',(1.37908487691837E-16,-1.,0.));
#3111=DIRECTION('',(1.,0.,0.));
#3112=DIRECTION('',(-1.,0.,0.));
#3113=DIRECTION('',(0.,0.,1.));
#3114=DIRECTION('',(-1.,-1.16620469860402E-17,0.));
#3115=DIRECTION('',(0.,-1.,0.));
#3116=DIRECTION('',(0.,0.,-1.));
#3117=DIRECTION('',(1.,0.,0.));
#3118=DIRECTION('',(0.,0.,1.));
#3119=DIRECTION('',(1.,0.,0.));
#3120=DIRECTION('',(0.,0.,1.));
#3121=DIRECTION('',(-1.,0.,0.));
#3122=DIRECTION('',(-5.42101086242752E-17,0.,-1.));
#3123=DIRECTION('',(-1.,0.,0.));
#3124=DIRECTION('',(0.,0.,-1.));
#3125=DIRECTION('',(-1.,0.,0.));
#3126=CARTESIAN_POINT('',(0.,0.,0.));
#3127=CARTESIAN_POINT('',(14.1512141224285,-0.527701295403,1.7));
#3128=CARTESIAN_POINT('',(14.1512141224285,-0.527701295403,1.69999999999998));
#3129=CARTESIAN_POINT('',(14.1512141224285,-0.527701295403,14.));
#3130=CARTESIAN_POINT('',(14.1512141224285,0.872298704596999,1.69999999999998));
#3131=CARTESIAN_POINT('',(14.1512141224285,-20.451285242569,1.69999999999998));
#3132=CARTESIAN_POINT('',(14.1512141224285,-20.451285242569,12.6));
#3133=CARTESIAN_POINT('',(14.1512141224285,-20.451285242569,14.));
#3134=CARTESIAN_POINT('',(14.1512141224285,0.872298704596999,14.));
#3135=CARTESIAN_POINT('',(14.1512141224285,0.872298704596999,12.6));
#3136=CARTESIAN_POINT('',(71.391445262891,-3.946088373104,16.1));
#3137=CARTESIAN_POINT('',(71.391445262891,-3.946088373104,3.09999999999999));
#3138=CARTESIAN_POINT('',(71.391445262891,-3.946088373104,15.1));
#3139=CARTESIAN_POINT('',(71.391445262891,-2.946088373104,15.1));
#3140=CARTESIAN_POINT('',(71.391445262891,-2.946088373104,16.1));
#3141=CARTESIAN_POINT('',(71.391445262891,-26.0023545847,16.1));
#3142=CARTESIAN_POINT('',(71.391445262891,0.872298704596999,16.1));
#3143=CARTESIAN_POINT('',(71.391445262891,0.872298704596999,16.1));
#3144=CARTESIAN_POINT('',(71.391445262891,0.872298704596999,3.1));
#3145=CARTESIAN_POINT('',(71.391445262891,0.872298704596999,3.09999999999999));
#3146=CARTESIAN_POINT('',(71.391445262891,-26.0023545847,16.1));
#3147=CARTESIAN_POINT('',(71.391445262891,-26.0023545847,16.1));
#3148=CARTESIAN_POINT('',(71.391445262891,-26.0023545847,16.1));
#3149=CARTESIAN_POINT('',(71.391445262891,-17.709220237513,16.1));
#3150=CARTESIAN_POINT('',(71.391445262891,-17.709220237513,15.1));
#3151=CARTESIAN_POINT('',(71.391445262891,-16.709220237513,15.1));
#3152=CARTESIAN_POINT('',(71.391445262891,-16.709220237513,16.1));
#3153=CARTESIAN_POINT('',(71.391445262891,-16.709220237513,3.09999999999999));
#3154=CARTESIAN_POINT('',(71.391445262891,0.872298704596999,3.09999999999999));
#3155=CARTESIAN_POINT('',(71.391445262891,-26.0023545847,3.1));
#3156=CARTESIAN_POINT('',(71.391445262891,-26.0023545847,16.1));
#3157=CARTESIAN_POINT('',(71.391445262891,-26.0023545847,16.1));
#3158=CARTESIAN_POINT('',(71.391445262891,-26.0023545847,1.6001));
#3159=CARTESIAN_POINT('',(71.391445262891,-3.946088373104,1.6001));
#3160=CARTESIAN_POINT('',(71.391445262891,-4.946088373104,1.6001));
#3161=CARTESIAN_POINT('',(71.391445262891,-3.946088373104,16.1));
#3162=CARTESIAN_POINT('',(71.391445262891,-3.946088373104,2.2));
#3163=CARTESIAN_POINT('',(71.391445262891,-3.446088373104,2.2));
#3164=CARTESIAN_POINT('',(71.391445262891,-3.446088373104,1.7));
#3165=CARTESIAN_POINT('',(71.391445262891,-26.0023545847,1.7));
#3166=CARTESIAN_POINT('',(71.391445262891,0.872298704596999,1.7));
#3167=CARTESIAN_POINT('',(71.391445262891,0.872298704596999,16.1));
#3168=CARTESIAN_POINT('',(71.391445262891,0.872298704596999,-0.0999999999999994));
#3169=CARTESIAN_POINT('',(71.391445262891,0.872298704596999,-0.1));
#3170=CARTESIAN_POINT('',(71.391445262891,-26.0023545847,-0.0999999999999994));
#3171=CARTESIAN_POINT('',(71.391445262891,-26.0023545847,16.1));
#3172=CARTESIAN_POINT('',(71.391445262891,-26.0023545847,1.7));
#3173=CARTESIAN_POINT('',(71.391445262891,-26.0023545847,1.7));
#3174=CARTESIAN_POINT('',(71.391445262891,-17.209220237513,1.7));
#3175=CARTESIAN_POINT('',(71.391445262891,-17.209220237513,2.2));
#3176=CARTESIAN_POINT('',(71.391445262891,-16.709220237513,2.2));
#3177=CARTESIAN_POINT('',(71.391445262891,-16.709220237513,16.1));
#3178=CARTESIAN_POINT('',(71.391445262891,-16.709220237513,1.6001));
#3179=CARTESIAN_POINT('',(71.391445262891,-26.0023545847,1.6001));
#3180=CARTESIAN_POINT('',(71.391445262891,-15.709220237513,1.6001));
#3181=CARTESIAN_POINT('',(71.391445262891,-26.0023545847,1.6001));
#3182=CARTESIAN_POINT('',(71.391445262891,-26.0023545847,16.1));
#3183=CARTESIAN_POINT('',(71.891445262891,-16.709220237513,16.1));
#3184=CARTESIAN_POINT('',(71.891445262891,-26.0023545847,16.1));
#3185=CARTESIAN_POINT('',(71.891445262891,-17.709220237513,16.1));
#3186=CARTESIAN_POINT('',(0.,-17.709220237513,16.1));
#3187=CARTESIAN_POINT('',(-1.48329692659399,-26.0023545847,16.1));
#3188=CARTESIAN_POINT('',(0.,0.,16.1));
#3189=CARTESIAN_POINT('',(0.,-2.946088373104,16.1));
#3190=CARTESIAN_POINT('',(71.891445262891,-2.946088373104,16.1));
#3191=CARTESIAN_POINT('',(71.891445262891,2.372298704597,16.1));
#3192=CARTESIAN_POINT('',(71.891445262891,1.372298704597,16.1));
#3193=CARTESIAN_POINT('',(-1.483296926594,1.372298704597,16.1));
#3194=CARTESIAN_POINT('',(-0.483296926594004,1.372298704597,16.1));
#3195=CARTESIAN_POINT('',(-0.483296926594001,-20.451285242569,16.1));
#3196=CARTESIAN_POINT('',(-0.483296926594001,-19.451285242569,16.1));
#3197=CARTESIAN_POINT('',(0.,-19.451285242569,16.1));
#3198=CARTESIAN_POINT('',(0.0167030734059988,-19.451285242569,16.1));
#3199=CARTESIAN_POINT('',(0.0167030734059949,0.872298704597,16.1));
#3200=CARTESIAN_POINT('',(0.0167030734059949,0.872298704597,16.1));
#3201=CARTESIAN_POINT('',(71.391445262891,0.872298704597,16.1));
#3202=CARTESIAN_POINT('',(0.,0.,16.1));
#3203=CARTESIAN_POINT('',(-1.48329692659399,-26.0023545847,-4.9));
#3204=CARTESIAN_POINT('',(-0.483296926594,-26.0023545847,-4.9));
#3205=CARTESIAN_POINT('',(71.891445262891,-26.0023545847,-4.9));
#3206=CARTESIAN_POINT('',(71.891445262891,-26.0023545847,-3.9));
#3207=CARTESIAN_POINT('',(72.891445262891,-26.0023545847,-3.89999999999999));
#3208=CARTESIAN_POINT('',(72.891445262891,-26.0023545847,16.1));
#3209=CARTESIAN_POINT('',(72.891445262891,-26.0023545847,15.1));
#3210=CARTESIAN_POINT('',(71.891445262891,-26.0023545847,15.1));
#3211=CARTESIAN_POINT('',(71.391445262891,-26.0023545847,3.09999999999999));
#3212=CARTESIAN_POINT('',(70.391445262891,-26.0023545847,3.09999999999999));
#3213=CARTESIAN_POINT('',(70.391445262891,-26.0023545847,3.09999999999999));
#3214=CARTESIAN_POINT('',(70.391445262891,-26.0023545847,1.7));
#3215=CARTESIAN_POINT('',(70.391445262891,-26.0023545847,1.7));
#3216=CARTESIAN_POINT('',(71.391445262891,-26.0023545847,-0.1));
#3217=CARTESIAN_POINT('',(69.891445262891,-26.0023545847,-0.1));
#3218=CARTESIAN_POINT('',(69.891445262891,-26.0023545847,-6.4662576462659E-13));
#3219=CARTESIAN_POINT('',(69.891445262891,-26.0023545847,-1.5));
#3220=CARTESIAN_POINT('',(70.391445262891,-26.0023545847,-1.5));
#3221=CARTESIAN_POINT('',(71.391445262891,-26.0023545847,-1.49999999999999));
#3222=CARTESIAN_POINT('',(71.391445262891,-26.0023545847,16.1));
#3223=CARTESIAN_POINT('',(71.391445262891,-26.0023545847,-3.39999999999999));
#3224=CARTESIAN_POINT('',(72.891445262891,-26.0023545847,-3.4));
#3225=CARTESIAN_POINT('',(0.016703073406,-26.0023545847,-3.39999999999999));
#3226=CARTESIAN_POINT('',(0.016703073406,-26.0023545847,16.1));
#3227=CARTESIAN_POINT('',(0.016703073406,-26.0023545847,-1.49999999999999));
#3228=CARTESIAN_POINT('',(0.0167030734060001,-26.0023545847,-1.5));
#3229=CARTESIAN_POINT('',(1.516703073406,-26.0023545847,-1.5));
#3230=CARTESIAN_POINT('',(1.516703073406,-26.0023545847,0.));
#3231=CARTESIAN_POINT('',(1.516703073406,-26.0023545847,-0.1));
#3232=CARTESIAN_POINT('',(1.01670307340599,-26.0023545847,-0.1));
#3233=CARTESIAN_POINT('',(0.016703073406,-26.0023545847,-0.0999999999999994));
#3234=CARTESIAN_POINT('',(0.016703073406,-26.0023545847,16.1));
#3235=CARTESIAN_POINT('',(0.0167030734060001,-26.0023545847,1.6001));
#3236=CARTESIAN_POINT('',(-1.48329692659399,-26.0023545847,1.6001));
#3237=CARTESIAN_POINT('',(-0.483296926594,-26.0023545847,1.6001));
#3238=CARTESIAN_POINT('',(-0.483296926594,-26.0023545847,0.600100000000002));
#3239=CARTESIAN_POINT('',(-1.483296926594,-26.0023545847,0.600100000000006));
#3240=CARTESIAN_POINT('',(-1.483296926594,-26.0023545847,16.1));
#3241=CARTESIAN_POINT('',(-1.483296926594,-26.0023545847,-3.89999999999999));
#3242=CARTESIAN_POINT('',(-0.483296926594,-26.0023545847,-3.9));
#3243=CARTESIAN_POINT('',(-1.48329692659399,-26.0023545847,16.1));
#3244=CARTESIAN_POINT('',(70.391445262891,0.872298704596999,1.7));
#3245=CARTESIAN_POINT('',(70.391445262891,0.872298704596999,1.7));
#3246=CARTESIAN_POINT('',(70.391445262891,-3.446088373104,1.7));
#3247=CARTESIAN_POINT('',(70.391445262891,-3.446088373104,2.2));
#3248=CARTESIAN_POINT('',(70.391445262891,-3.946088373104,2.2));
#3249=CARTESIAN_POINT('',(70.391445262891,-3.946088373104,3.09999999999999));
#3250=CARTESIAN_POINT('',(70.391445262891,-3.946088373104,3.09999999999999));
#3251=CARTESIAN_POINT('',(70.391445262891,0.872298704596999,3.09999999999999));
#3252=CARTESIAN_POINT('',(70.391445262891,0.872298704597,3.09999999999999));
#3253=CARTESIAN_POINT('',(70.391445262891,0.872298704596999,3.09999999999999));
#3254=CARTESIAN_POINT('',(70.391445262891,0.872298704596999,3.09999999999999));
#3255=CARTESIAN_POINT('',(70.391445262891,-16.709220237513,3.09999999999999));
#3256=CARTESIAN_POINT('',(70.391445262891,-16.709220237513,3.09999999999999));
#3257=CARTESIAN_POINT('',(70.391445262891,-16.709220237513,2.2));
#3258=CARTESIAN_POINT('',(70.391445262891,-17.209220237513,2.2));
#3259=CARTESIAN_POINT('',(70.391445262891,-17.209220237513,1.7));
#3260=CARTESIAN_POINT('',(70.391445262891,0.872298704596999,1.7));
#3261=CARTESIAN_POINT('',(70.391445262891,0.872298704596999,3.09999999999999));
#3262=CARTESIAN_POINT('',(70.391445262891,0.872298704596999,3.09999999999999));
#3263=CARTESIAN_POINT('',(70.391445262891,-3.446088373104,1.7));
#3264=CARTESIAN_POINT('',(71.391445262891,0.872298704597,1.7));
#3265=CARTESIAN_POINT('',(70.391445262891,0.872298704596999,1.7));
#3266=CARTESIAN_POINT('',(70.391445262891,-17.209220237513,1.7));
#3267=CARTESIAN_POINT('',(70.391445262891,0.872298704596999,1.7));
#3268=CARTESIAN_POINT('',(71.391445262891,-3.946088373104,3.09999999999999));
#3269=CARTESIAN_POINT('',(71.391445262891,0.872298704596999,3.09999999999999));
#3270=CARTESIAN_POINT('',(71.391445262891,0.872298704596999,3.09999999999999));
#3271=CARTESIAN_POINT('',(71.391445262891,-16.709220237513,3.09999999999999));
#3272=CARTESIAN_POINT('',(71.391445262891,0.872298704596999,3.09999999999999));
#3273=CARTESIAN_POINT('',(66.7758744539093,0.872298704597,8.10005055942707));
#3274=CARTESIAN_POINT('',(66.7758744539093,0.872298704597,6.50005055942707));
#3275=CARTESIAN_POINT('',(71.391445262891,0.872298704597,14.));
#3276=CARTESIAN_POINT('',(15.3512141224285,0.872298704596999,14.));
#3277=CARTESIAN_POINT('',(0.0167030734059949,0.872298704597,14.));
#3278=CARTESIAN_POINT('',(15.3512141224285,0.872298704596999,16.1));
#3279=CARTESIAN_POINT('',(15.3512141224285,0.872298704596999,1.69999999999997));
#3280=CARTESIAN_POINT('',(71.391445262891,0.872298704597,1.7));
#3281=CARTESIAN_POINT('',(0.0167030734059949,0.872298704597,1.7));
#3282=CARTESIAN_POINT('',(0.0167030734059949,0.872298704597,16.1));
#3283=CARTESIAN_POINT('',(0.0167030734059949,0.872298704597,-0.0999999999999994));
#3284=CARTESIAN_POINT('',(71.391445262891,0.872298704597,-0.0999999999999994));
#3285=CARTESIAN_POINT('',(1.516703073406,0.872298704596999,-0.1));
#3286=CARTESIAN_POINT('',(1.516703073406,0.872298704596999,0.));
#3287=CARTESIAN_POINT('',(1.516703073406,0.872298704597,-1.5));
#3288=CARTESIAN_POINT('',(0.0167030734060001,0.872298704596999,-1.5));
#3289=CARTESIAN_POINT('',(0.0167030734059949,0.872298704597,-1.49999999999999));
#3290=CARTESIAN_POINT('',(0.0167030734059949,0.872298704597,16.1));
#3291=CARTESIAN_POINT('',(0.0167030734059949,0.872298704597,-3.39999999999999));
#3292=CARTESIAN_POINT('',(71.391445262891,0.872298704597,-3.4));
#3293=CARTESIAN_POINT('',(71.391445262891,0.872298704596999,-3.4));
#3294=CARTESIAN_POINT('',(71.391445262891,0.872298704596999,16.1));
#3295=CARTESIAN_POINT('',(71.391445262891,0.872298704596999,-1.49999999999999));
#3296=CARTESIAN_POINT('',(70.391445262891,0.872298704596999,-1.5));
#3297=CARTESIAN_POINT('',(69.891445262891,0.872298704596999,-1.5));
#3298=CARTESIAN_POINT('',(69.891445262891,0.872298704596999,-6.4662576462659E-13));
#3299=CARTESIAN_POINT('',(69.891445262891,0.872298704596999,-0.1));
#3300=CARTESIAN_POINT('',(71.391445262891,0.872298704597,-0.0999999999999994));
#3301=CARTESIAN_POINT('',(0.0167030734059949,0.872298704597,16.1));
#3302=CARTESIAN_POINT('',(50.8982945009091,0.872298704597003,12.6));
#3303=CARTESIAN_POINT('',(49.5982945009091,0.872298704597003,12.6));
#3304=CARTESIAN_POINT('',(38.7982945009091,0.872298704597,12.6));
#3305=CARTESIAN_POINT('',(38.7982945009091,0.872298704597,11.3));
#3306=CARTESIAN_POINT('',(26.6982945009091,0.872298704597,12.6));
#3307=CARTESIAN_POINT('',(26.6982945009091,0.872298704597,11.3));
#3308=CARTESIAN_POINT('',(53.4603036449276,0.872298704597003,0.));
#3309=CARTESIAN_POINT('',(53.4603036449276,0.872298704597003,5.70005055942707));
#3310=CARTESIAN_POINT('',(53.4603036449276,0.872298704597,2.90005055942706));
#3311=CARTESIAN_POINT('',(53.7603036449276,0.872298704597003,5.70005055942707));
#3312=CARTESIAN_POINT('',(54.0003036449276,0.872298704597001,5.88005055942707));
#3313=CARTESIAN_POINT('',(56.9603036449276,0.872298704597003,8.10005055942706));
#3314=CARTESIAN_POINT('',(59.9203036449276,0.872298704597003,5.88005055942707));
#3315=CARTESIAN_POINT('',(60.1603036449276,0.872298704597003,5.70005055942706));
#3316=CARTESIAN_POINT('',(60.4603036449276,0.872298704596999,5.70005055942707));
#3317=CARTESIAN_POINT('',(60.4603036449276,0.872298704597003,2.90005055942706));
#3318=CARTESIAN_POINT('',(60.4603036449276,0.872298704597,2.90005055942706));
#3319=CARTESIAN_POINT('',(62.1603036449276,0.872298704597003,2.90005055942706));
#3320=CARTESIAN_POINT('',(41.3362853568906,0.872298704597003,0.));
#3321=CARTESIAN_POINT('',(41.3362853568906,0.872298704597003,5.70005055942706));
#3322=CARTESIAN_POINT('',(41.3362853568906,0.872298704597,2.90005055942706));
#3323=CARTESIAN_POINT('',(41.6362853568906,0.872298704597003,5.70005055942706));
#3324=CARTESIAN_POINT('',(41.8762853568906,0.872298704596999,5.88005055942706));
#3325=CARTESIAN_POINT('',(44.8362853568906,0.872298704597003,8.10005055942706));
#3326=CARTESIAN_POINT('',(47.7962853568906,0.872298704597003,5.88005055942707));
#3327=CARTESIAN_POINT('',(48.0362853568906,0.872298704597003,5.70005055942706));
#3328=CARTESIAN_POINT('',(48.3362853568906,0.872298704597001,5.70005055942706));
#3329=CARTESIAN_POINT('',(48.3362853568906,0.872298704597003,2.90005055942706));
#3330=CARTESIAN_POINT('',(48.3362853568906,0.872298704597,2.90005055942706));
#3331=CARTESIAN_POINT('',(62.1603036449276,0.872298704597003,2.90005055942706));
#3332=CARTESIAN_POINT('',(35.8994742695912,0.872298704597003,5.69270038313192));
#3333=CARTESIAN_POINT('',(35.6598887079459,0.872298704597001,5.87325164635406));
#3334=CARTESIAN_POINT('',(36.1994742695912,0.872298704597003,5.69270038313192));
#3335=CARTESIAN_POINT('',(36.1994742695912,0.872298704597003,2.90005055942706));
#3336=CARTESIAN_POINT('',(36.1994742695912,0.872298704597,2.90005055942706));
#3337=CARTESIAN_POINT('',(62.1603036449276,0.872298704597003,2.90005055942706));
#3338=CARTESIAN_POINT('',(29.2050001143206,0.872298704597,2.90005055942706));
#3339=CARTESIAN_POINT('',(29.2050001143206,0.872298704597003,8.10005055942706));
#3340=CARTESIAN_POINT('',(29.2050001143206,0.872298704597003,5.70005055942706));
#3341=CARTESIAN_POINT('',(29.5050001143206,0.872298704597003,5.70005055942706));
#3342=CARTESIAN_POINT('',(29.7450001143206,0.872298704596999,5.88005055942706));
#3343=CARTESIAN_POINT('',(32.7050001143206,0.872298704597003,8.10005055942706));
#3344=CARTESIAN_POINT('',(23.9113094869396,0.872298704597003,5.70005055942707));
#3345=CARTESIAN_POINT('',(23.6713094869396,0.872298704596999,5.88005055942707));
#3346=CARTESIAN_POINT('',(24.2113094869396,0.872298704597003,5.70005055942707));
#3347=CARTESIAN_POINT('',(24.2113094869396,0.872298704597003,2.90005055942706));
#3348=CARTESIAN_POINT('',(24.2113094869396,0.872298704597,2.90005055942706));
#3349=CARTESIAN_POINT('',(62.1603036449276,0.872298704597003,2.90005055942706));
#3350=CARTESIAN_POINT('',(17.2113094869396,0.872298704597,2.90005055942706));
#3351=CARTESIAN_POINT('',(17.2113094869396,0.872298704597003,0.));
#3352=CARTESIAN_POINT('',(17.2113094869396,0.872298704597003,5.70005055942706));
#3353=CARTESIAN_POINT('',(17.5113094869396,0.872298704597003,5.70005055942706));
#3354=CARTESIAN_POINT('',(17.7513094869396,0.872298704597001,5.88005055942706));
#3355=CARTESIAN_POINT('',(20.7113094869396,0.872298704597003,8.10005055942706));
#3356=CARTESIAN_POINT('',(71.391445262891,0.872298704597,16.1));
#3357=CARTESIAN_POINT('',(0.016703073405999,-20.451285242569,16.1));
#3358=CARTESIAN_POINT('',(0.016703073405999,-20.451285242569,2.2));
#3359=CARTESIAN_POINT('',(0.0167030734059999,-20.451285242569,1.6001));
#3360=CARTESIAN_POINT('',(0.0167030734059949,0.872298704597,1.6001));
#3361=CARTESIAN_POINT('',(0.0167030734059992,-21.451285242569,1.6001));
#3362=CARTESIAN_POINT('',(0.0167030734059949,0.872298704597,1.6001));
#3363=CARTESIAN_POINT('',(0.0167030734059949,0.872298704597,-0.0999999999999994));
#3364=CARTESIAN_POINT('',(0.0167030734059949,0.872298704596999,1.7));
#3365=CARTESIAN_POINT('',(0.0167030734059989,-19.951285242569,1.7));
#3366=CARTESIAN_POINT('',(0.0167030734059989,-19.951285242569,2.2));
#3367=CARTESIAN_POINT('',(0.0167030734059949,0.872298704597,16.1));
#3368=CARTESIAN_POINT('',(0.016703073406,0.872298704596996,-1.5));
#3369=CARTESIAN_POINT('',(0.0167030734059949,0.872298704597,-3.4));
#3370=CARTESIAN_POINT('',(0.0167030734059949,0.872298704597,16.1));
#3371=CARTESIAN_POINT('',(-1.483296926594,1.372298704597,16.1));
#3372=CARTESIAN_POINT('',(-1.483296926594,1.372298704597,15.1));
#3373=CARTESIAN_POINT('',(-1.483296926594,1.372298704597,-3.9));
#3374=CARTESIAN_POINT('',(-1.483296926594,2.372298704597,-3.9));
#3375=CARTESIAN_POINT('',(-1.483296926594,-20.451285242569,0.600100000000002));
#3376=CARTESIAN_POINT('',(-1.483296926594,-21.451285242569,0.600100000000002));
#3377=CARTESIAN_POINT('',(-1.483296926594,-21.451285242569,2.6001));
#3378=CARTESIAN_POINT('',(-1.483296926594,-19.451285242569,2.6001));
#3379=CARTESIAN_POINT('',(-1.483296926594,-19.451285242569,16.1));
#3380=CARTESIAN_POINT('',(-1.483296926594,-19.451285242569,15.1));
#3381=CARTESIAN_POINT('',(-1.483296926594,2.372298704597,15.1));
#3382=CARTESIAN_POINT('',(-1.483296926594,2.372298704597,16.1));
#3383=CARTESIAN_POINT('',(-1.60038119718924E-17,1.372298704597,-4.9));
#3384=CARTESIAN_POINT('',(-0.483296926594004,1.372298704597,-4.9));
#3385=CARTESIAN_POINT('',(71.891445262891,1.372298704597,-4.9));
#3386=CARTESIAN_POINT('',(71.891445262891,0.,-4.9));
#3387=CARTESIAN_POINT('',(-0.483296926594004,-6.66507482526919E-17,-4.9));
#3388=CARTESIAN_POINT('',(5.851210312421,-2.95127000254,-4.9));
#3389=CARTESIAN_POINT('',(5.851210312421,-2.001268732537,-4.9));
#3390=CARTESIAN_POINT('',(5.851210312421,-3.901271272543,-4.9));
#3391=CARTESIAN_POINT('',(5.851210312421,-3.901271272543,-4.9));
#3392=CARTESIAN_POINT('',(9.851217932436,-3.901271272543,-4.9));
#3393=CARTESIAN_POINT('',(9.851217932436,-2.95127000254,-4.9));
#3394=CARTESIAN_POINT('',(9.851217932436,-2.001268732537,-4.9));
#3395=CARTESIAN_POINT('',(9.851217932436,-2.001268732537,-4.9));
#3396=CARTESIAN_POINT('',(5.851210312421,-9.95128524257,-4.9));
#3397=CARTESIAN_POINT('',(5.851210312421,-9.001283972567,-4.9));
#3398=CARTESIAN_POINT('',(5.851210312421,-10.901286512573,-4.9));
#3399=CARTESIAN_POINT('',(5.851210312421,-10.90128651257,-4.9));
#3400=CARTESIAN_POINT('',(9.851217932436,-10.90128651257,-4.9));
#3401=CARTESIAN_POINT('',(9.851217932436,-9.95128524257,-4.9));
#3402=CARTESIAN_POINT('',(9.851217932436,-9.001283972567,-4.9));
#3403=CARTESIAN_POINT('',(9.851217932436,-9.001283972568,-4.9));
#3404=CARTESIAN_POINT('',(5.851210312421,-16.95129794259,-4.9));
#3405=CARTESIAN_POINT('',(5.851210312421,-16.001296672587,-4.9));
#3406=CARTESIAN_POINT('',(5.851210312421,-17.901299212593,-4.9));
#3407=CARTESIAN_POINT('',(5.851210312421,-17.90129921259,-4.9));
#3408=CARTESIAN_POINT('',(9.851217932436,-17.90129921259,-4.9));
#3409=CARTESIAN_POINT('',(9.851217932436,-16.95129794259,-4.9));
#3410=CARTESIAN_POINT('',(9.851217932436,-16.001296672587,-4.9));
#3411=CARTESIAN_POINT('',(9.851217932436,-16.00129667259,-4.9));
#3412=CARTESIAN_POINT('',(0.,0.,-4.9));
#3413=CARTESIAN_POINT('',(0.0167030734059988,-19.451285242569,15.1));
#3414=CARTESIAN_POINT('',(0.016703073405999,-20.451285242569,15.1));
#3415=CARTESIAN_POINT('',(0.016703073405999,-20.451285242569,16.1));
#3416=CARTESIAN_POINT('',(0.0167030734059949,-20.451285242569,14.));
#3417=CARTESIAN_POINT('',(0.0167030734059949,0.872298704597,14.));
#3418=CARTESIAN_POINT('',(0.0167030734059949,0.872298704597,16.1));
#3419=CARTESIAN_POINT('',(71.391445262891,0.872298704596999,-1.5));
#3420=CARTESIAN_POINT('',(71.391445262891,-26.0023545847,-3.4));
#3421=CARTESIAN_POINT('',(71.391445262891,-26.0023545847,16.1));
#3422=CARTESIAN_POINT('',(72.891445262891,-27.5023545847,-3.9));
#3423=CARTESIAN_POINT('',(72.891445262891,1.372298704597,-3.9));
#3424=CARTESIAN_POINT('',(72.891445262891,1.372298704597,16.1));
#3425=CARTESIAN_POINT('',(72.891445262891,1.372298704597,15.1));
#3426=CARTESIAN_POINT('',(72.891445262891,-3.946088373104,15.1));
#3427=CARTESIAN_POINT('',(72.891445262891,-2.946088373104,15.1));
#3428=CARTESIAN_POINT('',(72.891445262891,-2.946088373104,1.6001));
#3429=CARTESIAN_POINT('',(72.891445262891,-2.946088373104,2.6001));
#3430=CARTESIAN_POINT('',(72.891445262891,-4.946088373104,2.6001));
#3431=CARTESIAN_POINT('',(72.891445262891,-4.946088373104,0.600100000000003));
#3432=CARTESIAN_POINT('',(72.891445262891,-27.5023545847,0.600100000000003));
#3433=CARTESIAN_POINT('',(72.891445262891,-15.709220237513,0.600100000000003));
#3434=CARTESIAN_POINT('',(72.891445262891,-15.709220237513,2.6001));
#3435=CARTESIAN_POINT('',(72.891445262891,-17.709220237513,2.6001));
#3436=CARTESIAN_POINT('',(72.891445262891,-17.709220237513,16.1));
#3437=CARTESIAN_POINT('',(72.891445262891,-17.709220237513,15.1));
#3438=CARTESIAN_POINT('',(72.891445262891,-26.0023545847,15.1));
#3439=CARTESIAN_POINT('',(72.891445262891,-27.5023545847,16.1));
#3440=CARTESIAN_POINT('',(72.891445262891,2.372298704597,-3.9));
#3441=CARTESIAN_POINT('',(71.891445262891,2.372298704597,-3.9));
#3442=CARTESIAN_POINT('',(-0.483296926594004,2.372298704597,-3.9));
#3443=CARTESIAN_POINT('',(-0.483296926594004,2.372298704597,16.1));
#3444=CARTESIAN_POINT('',(-0.483296926594004,2.372298704597,15.1));
#3445=CARTESIAN_POINT('',(72.891445262891,2.372298704597,15.1));
#3446=CARTESIAN_POINT('',(71.891445262891,2.372298704597,15.1));
#3447=CARTESIAN_POINT('',(71.891445262891,2.372298704597,16.1));
#3448=CARTESIAN_POINT('',(66.7758744539093,2.372298704597,8.10005055942707));
#3449=CARTESIAN_POINT('',(68.3758744539093,2.372298704597,8.10005055942707));
#3450=CARTESIAN_POINT('',(72.891445262891,2.372298704597,16.1));
#3451=CARTESIAN_POINT('',(5.851210312421,-16.001296672587,-3.4));
#3452=CARTESIAN_POINT('',(5.851210312421,-16.001296672587,-3.4));
#3453=CARTESIAN_POINT('',(5.851210312421,-16.95129794259,-3.4));
#3454=CARTESIAN_POINT('',(5.851210312421,-17.901299212593,-3.4));
#3455=CARTESIAN_POINT('',(5.851210312421,-17.901299212593,-3.4));
#3456=CARTESIAN_POINT('',(5.851210312421,-16.95129794259,-3.4));
#3457=CARTESIAN_POINT('',(5.851210312421,-17.90129921259,-3.4));
#3458=CARTESIAN_POINT('',(9.851217932436,-17.90129921259,-3.4));
#3459=CARTESIAN_POINT('',(9.851217932436,-17.90129921259,-3.4));
#3460=CARTESIAN_POINT('',(5.851210312421,-17.90129921259,-3.4));
#3461=CARTESIAN_POINT('',(9.851217932436,-16.95129794259,-3.4));
#3462=CARTESIAN_POINT('',(9.851217932436,-16.001296672587,-3.4));
#3463=CARTESIAN_POINT('',(9.851217932436,-16.001296672587,-3.4));
#3464=CARTESIAN_POINT('',(9.851217932436,-16.95129794259,-3.4));
#3465=CARTESIAN_POINT('',(5.851210312421,-9.001283972567,-3.4));
#3466=CARTESIAN_POINT('',(5.851210312421,-9.001283972567,-3.4));
#3467=CARTESIAN_POINT('',(5.851210312421,-9.95128524257,-3.4));
#3468=CARTESIAN_POINT('',(5.851210312421,-10.901286512573,-3.4));
#3469=CARTESIAN_POINT('',(5.851210312421,-10.901286512573,-3.4));
#3470=CARTESIAN_POINT('',(5.851210312421,-9.95128524257,-3.4));
#3471=CARTESIAN_POINT('',(5.851210312421,-10.90128651257,-3.4));
#3472=CARTESIAN_POINT('',(9.851217932436,-10.90128651257,-3.4));
#3473=CARTESIAN_POINT('',(9.851217932436,-10.90128651257,-3.4));
#3474=CARTESIAN_POINT('',(5.851210312421,-10.90128651257,-3.4));
#3475=CARTESIAN_POINT('',(9.851217932436,-9.95128524257,-3.4));
#3476=CARTESIAN_POINT('',(9.851217932436,-9.001283972567,-3.4));
#3477=CARTESIAN_POINT('',(9.851217932436,-9.001283972567,-3.4));
#3478=CARTESIAN_POINT('',(9.851217932436,-9.95128524257,-3.4));
#3479=CARTESIAN_POINT('',(5.851210312421,-2.001268732537,-3.4));
#3480=CARTESIAN_POINT('',(5.851210312421,-2.001268732537,-3.4));
#3481=CARTESIAN_POINT('',(5.851210312421,-2.95127000254,-3.4));
#3482=CARTESIAN_POINT('',(5.851210312421,-3.901271272543,-3.4));
#3483=CARTESIAN_POINT('',(5.851210312421,-3.901271272543,-3.4));
#3484=CARTESIAN_POINT('',(5.851210312421,-2.95127000254,-3.4));
#3485=CARTESIAN_POINT('',(5.851210312421,-3.901271272543,-3.4));
#3486=CARTESIAN_POINT('',(9.851217932436,-3.901271272543,-3.4));
#3487=CARTESIAN_POINT('',(9.851217932436,-3.901271272543,-3.4));
#3488=CARTESIAN_POINT('',(5.851210312421,-3.901271272543,-3.4));
#3489=CARTESIAN_POINT('',(9.851217932436,-2.95127000254,-3.4));
#3490=CARTESIAN_POINT('',(9.851217932436,-2.001268732537,-3.4));
#3491=CARTESIAN_POINT('',(9.851217932436,-2.001268732537,-3.4));
#3492=CARTESIAN_POINT('',(9.851217932436,-2.95127000254,-3.4));
#3493=CARTESIAN_POINT('',(9.851217932436,-9.001283972568,-3.4));
#3494=CARTESIAN_POINT('',(9.851217932436,-9.001283972568,-3.4));
#3495=CARTESIAN_POINT('',(9.851217932436,-2.001268732537,-3.4));
#3496=CARTESIAN_POINT('',(9.851217932436,-2.001268732537,-3.4));
#3497=CARTESIAN_POINT('',(9.851217932436,-16.00129667259,-3.4));
#3498=CARTESIAN_POINT('',(9.851217932436,-16.00129667259,-3.4));
#3499=CARTESIAN_POINT('',(5.851210312421,-2.95127000254,-3.4));
#3500=CARTESIAN_POINT('',(1.516703073406,0.872298704596999,-1.5));
#3501=CARTESIAN_POINT('',(0.0167030734060001,0.872298704596999,-1.5));
#3502=CARTESIAN_POINT('',(1.516703073406,0.872298704596999,-0.1));
#3503=CARTESIAN_POINT('',(1.516703073406,0.872298704596999,-1.5));
#3504=CARTESIAN_POINT('',(1.01670307340599,0.872298704596999,-0.1));
#3505=CARTESIAN_POINT('',(1.55121412242851,0.872298704596999,1.7));
#3506=CARTESIAN_POINT('',(1.55121412242851,-0.527701295403,1.7));
#3507=CARTESIAN_POINT('',(1.55121412242851,-19.951285242569,1.7));
#3508=CARTESIAN_POINT('',(0.0167030734060001,-19.951285242569,1.7));
#3509=CARTESIAN_POINT('',(15.3512141224285,0.872298704596999,1.69999999999997));
#3510=CARTESIAN_POINT('',(15.3512141224285,-20.451285242569,1.69999999999997));
#3511=CARTESIAN_POINT('',(15.685725171451,-20.451285242569,1.69999999999997));
#3512=CARTESIAN_POINT('',(1.55121412242851,-0.527701295403,1.7));
#3513=CARTESIAN_POINT('',(0.0167030734060001,0.872298704596999,1.7));
#3514=CARTESIAN_POINT('',(1.55121412242851,-20.451285242569,16.1));
#3515=CARTESIAN_POINT('',(1.55121412242851,-20.451285242569,2.2));
#3516=CARTESIAN_POINT('',(1.55121412242851,-20.451285242569,14.));
#3517=CARTESIAN_POINT('',(1.55121412242851,-19.951285242569,2.2));
#3518=CARTESIAN_POINT('',(1.55121412242851,-0.527701295403,14.));
#3519=CARTESIAN_POINT('',(1.55121412242851,-0.527701295403,14.));
#3520=CARTESIAN_POINT('',(1.55121412242851,0.872298704596999,14.));
#3521=CARTESIAN_POINT('',(1.55121412242851,0.872298704596999,12.6));
#3522=CARTESIAN_POINT('',(0.351214122428509,-20.451285242569,14.));
#3523=CARTESIAN_POINT('',(14.1512141224285,-0.527701295403,14.));
#3524=CARTESIAN_POINT('',(14.1512141224285,-20.451285242569,14.));
#3525=CARTESIAN_POINT('',(15.3512141224285,-20.451285242569,14.));
#3526=CARTESIAN_POINT('',(15.3512141224285,-20.451285242569,14.));
#3527=CARTESIAN_POINT('',(1.55121412242851,0.872298704596999,14.));
#3528=CARTESIAN_POINT('',(0.0167030734059999,-20.451285242569,2.6001));
#3529=CARTESIAN_POINT('',(-0.483296926594001,-20.451285242569,2.6001));
#3530=CARTESIAN_POINT('',(0.0167030734059992,-20.451285242569,2.6001));
#3531=CARTESIAN_POINT('',(0.0167030734059992,-20.451285242569,1.6001));
#3532=CARTESIAN_POINT('',(0.351214122428509,-20.451285242569,2.2));
#3533=CARTESIAN_POINT('',(0.351214122428509,-20.451285242569,15.1));
#3534=CARTESIAN_POINT('',(-0.483296926594001,-20.451285242569,15.1));
#3535=CARTESIAN_POINT('',(-0.483296926594001,-20.451285242569,1.6001));
#3536=CARTESIAN_POINT('',(0.351214122428509,-20.451285242569,16.1));
#3537=CARTESIAN_POINT('',(69.891445262891,0.872298704596999,-0.1));
#3538=CARTESIAN_POINT('',(69.891445262891,0.872298704596999,-1.5));
#3539=CARTESIAN_POINT('',(69.891445262891,0.872298704596999,-2.47949808832949E-15));
#3540=CARTESIAN_POINT('',(70.391445262891,0.872298704596999,-1.5));
#3541=CARTESIAN_POINT('',(71.391445262891,0.872298704596999,-0.1));
#3542=CARTESIAN_POINT('',(15.3512141224285,-20.451285242569,16.1));
#3543=CARTESIAN_POINT('',(15.3512141224285,-20.451285242569,16.1));
#3544=CARTESIAN_POINT('',(0.351214122428509,-20.451285242569,16.1));
#3545=CARTESIAN_POINT('',(32.7050001143206,-0.577701295402997,8.10005055942706));
#3546=CARTESIAN_POINT('',(35.6598887079459,-0.577701295402997,5.87325164635406));
#3547=CARTESIAN_POINT('',(29.7450001143206,-0.577701295402997,5.88005055942707));
#3548=CARTESIAN_POINT('',(35.6598887079459,10.822978311785,5.87325164635402));
#3549=CARTESIAN_POINT('',(29.7450001143206,10.822978311785,5.88005055942703));
#3550=CARTESIAN_POINT('',(32.7050001143206,10.822978311785,8.10005055942703));
#3551=CARTESIAN_POINT('',(36.1994742695912,-0.777701295402997,2.90005055942706));
#3552=CARTESIAN_POINT('',(36.1994742695912,-0.577701295402997,2.90005055942706));
#3553=CARTESIAN_POINT('',(0.,-0.577701295402997,2.90005055942706));
#3554=CARTESIAN_POINT('',(29.2050001143206,-0.577701295402997,2.90005055942706));
#3555=CARTESIAN_POINT('',(29.2050001143206,-0.777701295402997,2.90005055942706));
#3556=CARTESIAN_POINT('',(62.1603036449276,-0.777701295402997,2.90005055942706));
#3557=CARTESIAN_POINT('',(36.1994742695912,-0.577701295402997,2.90005055942706));
#3558=CARTESIAN_POINT('',(36.1994742695912,-0.577701295402997,5.69270038313193));
#3559=CARTESIAN_POINT('',(35.8994742695912,-0.577701295402997,5.69270038313193));
#3560=CARTESIAN_POINT('',(29.5050001143206,-0.577701295402997,5.70005055942707));
#3561=CARTESIAN_POINT('',(29.2050001143206,-0.577701295402997,5.70005055942707));
#3562=CARTESIAN_POINT('',(29.2050001143206,-0.577701295402997,8.10005055942706));
#3563=CARTESIAN_POINT('',(0.,-0.577701295402997,0.));
#3564=CARTESIAN_POINT('',(36.1994742695912,-0.577701295403001,5.69270038313193));
#3565=CARTESIAN_POINT('',(36.1994742695912,-0.777701295402997,2.90005055942706));
#3566=CARTESIAN_POINT('',(29.2050001143206,0.872298704596999,5.70005055942706));
#3567=CARTESIAN_POINT('',(29.2050001143206,-0.777701295402997,8.10005055942706));
#3568=CARTESIAN_POINT('',(35.8994742695912,10.822978311785,5.69270038313189));
#3569=CARTESIAN_POINT('',(29.5050001143206,10.822978311785,5.70005055942703));
#3570=CARTESIAN_POINT('',(0.,-0.577701295402997,2.90005055942706));
#3571=CARTESIAN_POINT('',(24.2113094869396,-0.577701295402997,2.90005055942706));
#3572=CARTESIAN_POINT('',(17.2113094869396,-0.577701295402997,2.90005055942706));
#3573=CARTESIAN_POINT('',(17.2113094869396,-0.777701295402997,2.90005055942706));
#3574=CARTESIAN_POINT('',(24.2113094869396,-0.777701295402997,2.90005055942706));
#3575=CARTESIAN_POINT('',(62.1603036449276,-0.777701295402997,2.90005055942706));
#3576=CARTESIAN_POINT('',(24.2113094869396,-0.577701295402997,0.));
#3577=CARTESIAN_POINT('',(24.2113094869396,-0.577701295402997,5.70005055942707));
#3578=CARTESIAN_POINT('',(23.9113094869396,-0.577701295402997,5.70005055942707));
#3579=CARTESIAN_POINT('',(23.6713094869396,-0.577701295402997,5.88005055942707));
#3580=CARTESIAN_POINT('',(20.7113094869396,-0.577701295402997,8.10005055942707));
#3581=CARTESIAN_POINT('',(17.7513094869396,-0.577701295402997,5.88005055942706));
#3582=CARTESIAN_POINT('',(17.5113094869396,-0.577701295402997,5.70005055942707));
#3583=CARTESIAN_POINT('',(17.2113094869396,-0.577701295402997,5.70005055942707));
#3584=CARTESIAN_POINT('',(17.2113094869396,-0.577701295402997,8.10005055942707));
#3585=CARTESIAN_POINT('',(0.,-0.577701295402997,0.));
#3586=CARTESIAN_POINT('',(23.6713094869396,10.822978311785,5.88005055942703));
#3587=CARTESIAN_POINT('',(17.7513094869396,10.822978311785,5.88005055942702));
#3588=CARTESIAN_POINT('',(20.7113094869396,10.822978311785,8.10005055942703));
#3589=CARTESIAN_POINT('',(24.2113094869396,-0.577701295403001,5.70005055942707));
#3590=CARTESIAN_POINT('',(24.2113094869396,-0.777701295402997,2.90005055942706));
#3591=CARTESIAN_POINT('',(17.2113094869396,0.872298704596999,5.70005055942706));
#3592=CARTESIAN_POINT('',(17.2113094869396,-0.777701295402997,8.10005055942707));
#3593=CARTESIAN_POINT('',(23.9113094869396,10.822978311785,5.70005055942703));
#3594=CARTESIAN_POINT('',(17.5113094869396,10.822978311785,5.70005055942703));
#3595=CARTESIAN_POINT('',(48.3362853568906,-0.777701295402997,2.90005055942706));
#3596=CARTESIAN_POINT('',(48.3362853568906,-0.577701295402997,2.90005055942706));
#3597=CARTESIAN_POINT('',(0.,-0.577701295402997,2.90005055942706));
#3598=CARTESIAN_POINT('',(41.3362853568906,-0.577701295402997,2.90005055942706));
#3599=CARTESIAN_POINT('',(41.3362853568906,-0.777701295402997,2.90005055942706));
#3600=CARTESIAN_POINT('',(62.1603036449276,-0.777701295402997,2.90005055942706));
#3601=CARTESIAN_POINT('',(44.8362853568906,-0.577701295402997,8.10005055942706));
#3602=CARTESIAN_POINT('',(47.7962853568906,-0.577701295402997,5.88005055942707));
#3603=CARTESIAN_POINT('',(41.8762853568906,-0.577701295402997,5.88005055942707));
#3604=CARTESIAN_POINT('',(41.6362853568906,-0.577701295402997,5.70005055942707));
#3605=CARTESIAN_POINT('',(41.3362853568906,-0.577701295402997,5.70005055942707));
#3606=CARTESIAN_POINT('',(41.3362853568906,-0.577701295402997,8.10005055942706));
#3607=CARTESIAN_POINT('',(48.3362853568906,-0.577701295402997,2.90005055942706));
#3608=CARTESIAN_POINT('',(48.3362853568906,-0.577701295402997,5.70005055942707));
#3609=CARTESIAN_POINT('',(48.0362853568906,-0.577701295402997,5.70005055942707));
#3610=CARTESIAN_POINT('',(0.,-0.577701295402997,0.));
#3611=CARTESIAN_POINT('',(41.8762853568906,10.822978311785,5.88005055942703));
#3612=CARTESIAN_POINT('',(47.7962853568906,10.822978311785,5.88005055942703));
#3613=CARTESIAN_POINT('',(44.8362853568906,10.822978311785,8.10005055942703));
#3614=CARTESIAN_POINT('',(41.3362853568906,0.872298704596999,5.70005055942706));
#3615=CARTESIAN_POINT('',(41.3362853568906,-0.777701295402997,8.10005055942706));
#3616=CARTESIAN_POINT('',(48.3362853568906,-0.577701295403001,5.70005055942707));
#3617=CARTESIAN_POINT('',(48.3362853568906,-0.777701295402997,2.90005055942706));
#3618=CARTESIAN_POINT('',(41.6362853568906,10.822978311785,5.70005055942703));
#3619=CARTESIAN_POINT('',(48.0362853568906,10.822978311785,5.70005055942703));
#3620=CARTESIAN_POINT('',(60.4603036449276,-0.777701295402997,2.90005055942706));
#3621=CARTESIAN_POINT('',(60.4603036449276,-0.577701295402997,2.90005055942706));
#3622=CARTESIAN_POINT('',(0.,-0.577701295402997,2.90005055942706));
#3623=CARTESIAN_POINT('',(53.4603036449276,-0.577701295402997,2.90005055942706));
#3624=CARTESIAN_POINT('',(53.4603036449276,-0.777701295402997,2.90005055942706));
#3625=CARTESIAN_POINT('',(62.1603036449276,-0.777701295402997,2.90005055942706));
#3626=CARTESIAN_POINT('',(56.9603036449276,-0.577701295402997,8.10005055942706));
#3627=CARTESIAN_POINT('',(54.0003036449276,-0.577701295402997,5.88005055942708));
#3628=CARTESIAN_POINT('',(59.9203036449276,-0.577701295402997,5.88005055942707));
#3629=CARTESIAN_POINT('',(53.7603036449276,-0.577701295402997,5.70005055942708));
#3630=CARTESIAN_POINT('',(53.4603036449276,-0.577701295402997,5.70005055942708));
#3631=CARTESIAN_POINT('',(53.4603036449276,-0.577701295402997,0.));
#3632=CARTESIAN_POINT('',(60.4603036449276,-0.577701295402997,2.90005055942706));
#3633=CARTESIAN_POINT('',(60.4603036449276,-0.577701295402997,5.70005055942707));
#3634=CARTESIAN_POINT('',(60.1603036449276,-0.577701295402997,5.70005055942707));
#3635=CARTESIAN_POINT('',(0.,-0.577701295402997,0.));
#3636=CARTESIAN_POINT('',(54.0003036449276,10.822978311785,5.88005055942704));
#3637=CARTESIAN_POINT('',(59.9203036449276,10.822978311785,5.88005055942703));
#3638=CARTESIAN_POINT('',(56.9603036449276,10.822978311785,8.10005055942703));
#3639=CARTESIAN_POINT('',(53.4603036449276,-0.777701295403006,5.70005055942708));
#3640=CARTESIAN_POINT('',(53.4603036449276,-0.777701295402997,8.10005055942706));
#3641=CARTESIAN_POINT('',(60.4603036449276,-0.777701295402987,5.70005055942707));
#3642=CARTESIAN_POINT('',(60.4603036449276,-0.777701295402997,2.90005055942706));
#3643=CARTESIAN_POINT('',(53.7603036449276,10.822978311785,5.70005055942704));
#3644=CARTESIAN_POINT('',(60.1603036449276,10.822978311785,5.70005055942703));
#3645=CARTESIAN_POINT('',(61.892992068764,-3.946088373104,2.2));
#3646=CARTESIAN_POINT('',(71.391445262891,-3.946088373104,1.6001));
#3647=CARTESIAN_POINT('',(71.391445262891,-3.946088373104,2.6001));
#3648=CARTESIAN_POINT('',(61.892992068764,-3.946088373104,2.6001));
#3649=CARTESIAN_POINT('',(71.891445262891,-3.946088373104,2.6001));
#3650=CARTESIAN_POINT('',(71.891445262891,-3.946088373104,16.1));
#3651=CARTESIAN_POINT('',(71.891445262891,-3.946088373104,15.1));
#3652=CARTESIAN_POINT('',(61.892992068764,-3.946088373104,15.1));
#3653=CARTESIAN_POINT('',(61.892992068764,-3.946088373104,1.6001));
#3654=CARTESIAN_POINT('',(72.891445262891,-16.709220237513,2.6001));
#3655=CARTESIAN_POINT('',(71.891445262891,-16.709220237513,2.6001));
#3656=CARTESIAN_POINT('',(71.391445262891,-16.709220237513,2.6001));
#3657=CARTESIAN_POINT('',(71.391445262891,-16.709220237513,1.6001));
#3658=CARTESIAN_POINT('',(72.891445262891,-16.709220237513,2.2));
#3659=CARTESIAN_POINT('',(72.891445262891,-16.709220237513,15.1));
#3660=CARTESIAN_POINT('',(71.891445262891,-16.709220237513,15.1));
#3661=CARTESIAN_POINT('',(71.891445262891,-16.709220237513,1.6001));
#3662=CARTESIAN_POINT('',(72.891445262891,-16.709220237513,1.6001));
#3663=CARTESIAN_POINT('',(0.,-15.709220237513,1.6001));
#3664=CARTESIAN_POINT('',(71.891445262891,-15.709220237513,1.6001));
#3665=CARTESIAN_POINT('',(71.891445262891,0.,1.6001));
#3666=CARTESIAN_POINT('',(71.891445262891,-4.946088373104,1.6001));
#3667=CARTESIAN_POINT('',(0.,-4.946088373104,1.6001));
#3668=CARTESIAN_POINT('',(0.,0.,1.6001));
#3669=CARTESIAN_POINT('',(-1.483296926594,-21.451285242569,1.6001));
#3670=CARTESIAN_POINT('',(-0.483296926594001,-21.451285242569,1.6001));
#3671=CARTESIAN_POINT('',(-0.483296926594,-26.0023545847,1.6001));
#3672=CARTESIAN_POINT('',(0.,0.,1.6001));
#3673=CARTESIAN_POINT('',(26.6982945009091,-0.0277012954029972,12.6));
#3674=CARTESIAN_POINT('',(26.6982945009091,-0.0277012954029972,13.9));
#3675=CARTESIAN_POINT('',(26.6982945009091,-0.627701295402997,12.6));
#3676=CARTESIAN_POINT('',(26.6982945009091,-0.627701295402997,12.6));
#3677=CARTESIAN_POINT('',(26.6982945009091,-0.627701295402997,13.65));
#3678=CARTESIAN_POINT('',(26.6982945009091,-0.627701295402997,12.6));
#3679=CARTESIAN_POINT('',(38.7982945009091,-0.0277012954029974,12.6));
#3680=CARTESIAN_POINT('',(38.7982945009091,-0.0277012954029974,13.9));
#3681=CARTESIAN_POINT('',(38.7982945009091,-0.627701295402997,12.6));
#3682=CARTESIAN_POINT('',(38.7982945009091,-0.627701295402997,12.6));
#3683=CARTESIAN_POINT('',(38.7982945009091,-0.627701295402997,13.65));
#3684=CARTESIAN_POINT('',(38.7982945009091,-0.627701295402997,12.6));
#3685=CARTESIAN_POINT('',(50.8982945009091,-0.0277012954029973,12.6));
#3686=CARTESIAN_POINT('',(50.8982945009091,-0.0277012954029973,11.3));
#3687=CARTESIAN_POINT('',(50.8982945009091,-0.627701295402997,12.6));
#3688=CARTESIAN_POINT('',(50.8982945009091,-0.627701295402997,12.6));
#3689=CARTESIAN_POINT('',(50.8982945009091,-0.627701295402997,11.55));
#3690=CARTESIAN_POINT('',(50.8982945009091,-0.627701295402997,12.6));
#3691=CARTESIAN_POINT('',(50.8982945009091,-0.627701295402997,12.6));
#3692=CARTESIAN_POINT('',(38.7982945009091,-0.0277012954029973,12.6));
#3693=CARTESIAN_POINT('',(26.6982945009091,-0.0277012954029973,12.6));
#3694=CARTESIAN_POINT('',(0.,-0.527701295403,0.));
#3695=CARTESIAN_POINT('',(66.7758744539093,5.022298704597,8.10005055942707));
#3696=CARTESIAN_POINT('',(70.391445262891,-17.209220237513,2.2));
#3697=CARTESIAN_POINT('',(70.391445262891,-3.446088373104,2.2));
#3698=CARTESIAN_POINT('',(0.351214122428509,-19.951285242569,2.2));
#3699=CARTESIAN_POINT('',(71.891445262891,-17.709220237513,15.1));
#3700=CARTESIAN_POINT('',(71.891445262891,0.,15.1));
#3701=CARTESIAN_POINT('',(71.891445262891,-17.709220237513,15.1));
#3702=CARTESIAN_POINT('',(0.,-17.709220237513,15.1));
#3703=CARTESIAN_POINT('',(71.891445262891,-17.709220237513,15.1));
#3704=CARTESIAN_POINT('',(71.891445262891,-17.709220237513,15.1));
#3705=CARTESIAN_POINT('',(71.391445262891,-15.709220237513,2.6001));
#3706=CARTESIAN_POINT('',(71.391445262891,-15.709220237513,1.6001));
#3707=CARTESIAN_POINT('',(71.891445262891,-17.709220237513,2.6001));
#3708=CARTESIAN_POINT('',(71.891445262891,-17.709220237513,16.1));
#3709=CARTESIAN_POINT('',(71.891445262891,-15.709220237513,2.6001));
#3710=CARTESIAN_POINT('',(0.,-15.709220237513,2.6001));
#3711=CARTESIAN_POINT('',(71.891445262891,-15.709220237513,0.600100000000003));
#3712=CARTESIAN_POINT('',(71.891445262891,-15.709220237513,2.6001));
#3713=CARTESIAN_POINT('',(71.391445262891,-4.946088373104,2.6001));
#3714=CARTESIAN_POINT('',(71.391445262891,-4.946088373104,1.6001));
#3715=CARTESIAN_POINT('',(71.891445262891,-4.946088373104,0.600100000000002));
#3716=CARTESIAN_POINT('',(71.891445262891,-27.5023545847,0.600100000000003));
#3717=CARTESIAN_POINT('',(71.891445262891,-4.946088373104,2.6001));
#3718=CARTESIAN_POINT('',(0.,-4.946088373104,2.6001));
#3719=CARTESIAN_POINT('',(71.891445262891,-2.946088373104,2.6001));
#3720=CARTESIAN_POINT('',(71.891445262891,-4.946088373104,2.6001));
#3721=CARTESIAN_POINT('',(0.0167030734059992,-21.451285242569,2.6001));
#3722=CARTESIAN_POINT('',(0.0167030734059992,-21.451285242569,1.6001));
#3723=CARTESIAN_POINT('',(71.891445262891,-2.946088373104,15.1));
#3724=CARTESIAN_POINT('',(71.891445262891,-2.946088373104,1.6001));
#3725=CARTESIAN_POINT('',(71.891445262891,-2.946088373104,15.1));
#3726=CARTESIAN_POINT('',(0.,-2.946088373104,15.1));
#3727=CARTESIAN_POINT('',(-0.483296926594002,-21.451285242569,2.6001));
#3728=CARTESIAN_POINT('',(0.,-21.451285242569,2.6001));
#3729=CARTESIAN_POINT('',(-0.483296926594001,-21.451285242569,0.600100000000002));
#3730=CARTESIAN_POINT('',(-0.483296926594004,-6.66507482526919E-17,0.600100000000002));
#3731=CARTESIAN_POINT('',(71.891445262891,-2.946088373104,15.1));
#3732=CARTESIAN_POINT('',(71.891445262891,-2.946088373104,15.1));
#3733=CARTESIAN_POINT('',(-0.483296926594001,-19.451285242569,2.6001));
#3734=CARTESIAN_POINT('',(-0.483296926594001,-21.451285242569,2.6001));
#3735=CARTESIAN_POINT('',(71.891445262891,1.372298704597,15.1));
#3736=CARTESIAN_POINT('',(71.891445262891,0.,15.1));
#3737=CARTESIAN_POINT('',(-0.483296926594001,-19.451285242569,15.1));
#3738=CARTESIAN_POINT('',(0.351214122428509,-19.451285242569,15.1));
#3739=CARTESIAN_POINT('',(-0.483296926594001,-19.451285242569,15.1));
#3740=CARTESIAN_POINT('',(-0.483296926594001,-19.451285242569,16.1));
#3741=CARTESIAN_POINT('',(71.891445262891,1.372298704597,-3.9));
#3742=CARTESIAN_POINT('',(71.891445262891,-27.5023545847,-3.9));
#3743=CARTESIAN_POINT('',(71.891445262891,1.372298704597,15.1));
#3744=CARTESIAN_POINT('',(71.891445262891,1.372298704597,-3.9));
#3745=CARTESIAN_POINT('',(71.891445262891,1.372298704597,16.1));
#3746=CARTESIAN_POINT('',(71.891445262891,1.372298704597,15.1));
#3747=CARTESIAN_POINT('',(71.891445262891,1.372298704597,15.1));
#3748=CARTESIAN_POINT('',(-0.483296926594001,-19.451285242569,15.1));
#3749=CARTESIAN_POINT('',(-0.483296926594001,-19.451285242569,15.1));
#3750=CARTESIAN_POINT('',(71.891445262891,1.372298704597,-3.9));
#3751=CARTESIAN_POINT('',(71.891445262891,1.372298704597,-3.9));
#3752=CARTESIAN_POINT('',(-0.483296926594004,1.372298704597,15.1));
#3753=CARTESIAN_POINT('',(-1.60038119718924E-17,1.372298704597,15.1));
#3754=CARTESIAN_POINT('',(-0.483296926594004,1.372298704597,15.1));
#3755=CARTESIAN_POINT('',(-0.483296926594004,-6.66507482526919E-17,15.1));
#3756=CARTESIAN_POINT('',(-0.483296926594004,1.372298704597,-3.9));
#3757=CARTESIAN_POINT('',(-0.483296926594004,2.372298704597,-3.9));
#3758=CARTESIAN_POINT('',(-0.483296926594004,1.372298704597,-3.9));
#3759=CARTESIAN_POINT('',(72.891445262891,1.372298704597,-3.9));
#3760=CARTESIAN_POINT('',(-0.483296926594004,1.372298704597,15.1));
#3761=CARTESIAN_POINT('',(-0.483296926594004,1.372298704597,15.1));
#3762=CARTESIAN_POINT('',(-0.483296926594004,1.372298704597,-3.9));
#3763=CARTESIAN_POINT('',(-0.483296926594004,1.372298704597,-3.9));
#3764=CARTESIAN_POINT('',(-0.483296926594004,1.372298704597,16.1));
#3765=(
GEOMETRIC_REPRESENTATION_CONTEXT(3)
GLOBAL_UNCERTAINTY_ASSIGNED_CONTEXT((#3766))
GLOBAL_UNIT_ASSIGNED_CONTEXT((#3772,#3768,#3767))
REPRESENTATION_CONTEXT('\X2\4E0B58F3\X0\','TOP_LEVEL_ASSEMBLY_PART')
);
#3766=UNCERTAINTY_MEASURE_WITH_UNIT(LENGTH_MEASURE(2.E-5),#3772,
'DISTANCE_ACCURACY_VALUE','Maximum Tolerance applied to model');
#3767=(
NAMED_UNIT(*)
SI_UNIT($,.STERADIAN.)
SOLID_ANGLE_UNIT()
);
#3768=(
CONVERSION_BASED_UNIT('DEGREE',#3770)
NAMED_UNIT(#3769)
PLANE_ANGLE_UNIT()
);
#3769=DIMENSIONAL_EXPONENTS(0.,0.,0.,0.,0.,0.,0.);
#3770=PLANE_ANGLE_MEASURE_WITH_UNIT(PLANE_ANGLE_MEASURE(0.0174532925),#3771);
#3771=(
NAMED_UNIT(*)
PLANE_ANGLE_UNIT()
SI_UNIT($,.RADIAN.)
);
#3772=(
LENGTH_UNIT()
NAMED_UNIT(*)
SI_UNIT(.MILLI.,.METRE.)
);
ENDSEC;
END-ISO-10303-21;
